system,noise,snr_db,metric,n,mean,ci_low,ci_high,nu_mean
AIDA2_betaWFB,ALL,-1.0,PESQ,824,2.092921495437622,2.039588212966919,2.146253824234009,53.733436584472656
AIDA2_betaWFB,ALL,-1.0,CSIG,824,3.408721446990967,3.3497087955474854,3.4666173458099365,51.46760559082031
AIDA2_betaWFB,ALL,-1.0,CBAK,824,2.0935420989990234,2.057833671569824,2.127667188644409,52.40705108642578
AIDA2_betaWFB,ALL,-1.0,COVL,824,2.72184157371521,2.662118911743164,2.781411647796631,53.477596282958984
AIDA2_betauFB,ALL,-1.0,PESQ,824,2.0494449138641357,1.996299147605896,2.1012089252471924,52.324886322021484
AIDA2_betauFB,ALL,-1.0,CSIG,824,3.3688342571258545,3.3086936473846436,3.4275460243225098,50.87644958496094
AIDA2_betauFB,ALL,-1.0,CBAK,824,2.1138594150543213,2.0794997215270996,2.14704966545105,51.00352096557617
AIDA2_betauFB,ALL,-1.0,COVL,824,2.6800167560577393,2.6210944652557373,2.7392418384552,53.12971496582031
AIDA2_thetaWFB,ALL,-1.0,PESQ,824,1.7517298460006714,1.7204970121383667,1.7826231718063354,45.047977447509766
AIDA2_thetaWFB,ALL,-1.0,CSIG,824,3.141300678253174,3.0929877758026123,3.1883723735809326,38.15597152709961
AIDA2_thetaWFB,ALL,-1.0,CBAK,824,2.06436824798584,2.043246030807495,2.085934638977051,46.10860824584961
AIDA2_thetaWFB,ALL,-1.0,COVL,824,2.411095380783081,2.37209415435791,2.4491703510284424,47.92302703857422
AIDA2_thetauFB,ALL,-1.0,PESQ,824,1.6889703273773193,1.6542648077011108,1.7231028079986572,22.089887619018555
AIDA2_thetauFB,ALL,-1.0,CSIG,824,3.0152599811553955,2.964690923690796,3.0636637210845947,41.330101013183594
AIDA2_thetauFB,ALL,-1.0,CBAK,824,2.0778861045837402,2.0567874908447266,2.099424362182617,41.31938552856445
AIDA2_thetauFB,ALL,-1.0,COVL,824,2.3214735984802246,2.2811973094940186,2.361602783203125,42.730796813964844
SEM,ALL,-1.0,PESQ,824,2.0946948528289795,2.040292739868164,2.1490631103515625,55.184932708740234
SEM,ALL,-1.0,CSIG,824,3.409636974334717,3.3490471839904785,3.468079090118408,51.82516860961914
SEM,ALL,-1.0,CBAK,824,2.095588445663452,2.05901837348938,2.132310152053833,53.043941497802734
SEM,ALL,-1.0,COVL,824,2.722769021987915,2.664872169494629,2.779879570007324,54.30326843261719
SEM_lit,ALL,-1.0,PESQ,824,2.1599655151367188,2.108820915222168,2.2124416828155518,56.44590759277344
SEM_lit,ALL,-1.0,CSIG,824,3.4264719486236572,3.3691861629486084,3.4861927032470703,48.43811798095703
SEM_lit,ALL,-1.0,CBAK,824,2.1988840103149414,2.1659536361694336,2.230618476867676,53.313621520996094
SEM_lit,ALL,-1.0,COVL,824,2.7633984088897705,2.706355571746826,2.8205955028533936,54.410240173339844
SEM_lit_uFB,ALL,-1.0,PESQ,824,2.0611467361450195,2.010117292404175,2.109010696411133,53.8374137878418
SEM_lit_uFB,ALL,-1.0,CSIG,824,3.334130048751831,3.2759780883789062,3.3932039737701416,48.617191314697266
SEM_lit_uFB,ALL,-1.0,CBAK,824,2.1914708614349365,2.1591544151306152,2.224020004272461,52.501502990722656
SEM_lit_uFB,ALL,-1.0,COVL,824,2.6674602031707764,2.613384246826172,2.723642349243164,53.413368225097656
SEM_uFB,ALL,-1.0,PESQ,824,2.05145263671875,1.9972097873687744,2.1053245067596436,51.68263626098633
SEM_uFB,ALL,-1.0,CSIG,824,3.363720417022705,3.305283546447754,3.422945499420166,51.318321228027344
SEM_uFB,ALL,-1.0,CBAK,824,2.1151084899902344,2.0793817043304443,2.1506288051605225,51.121612548828125
SEM_uFB,ALL,-1.0,COVL,824,2.6780996322631836,2.6211354732513428,2.7366647720336914,52.57773971557617
Unprocessed,ALL,-1.0,PESQ,824,1.9537394046783447,1.9030519723892212,2.0050582885742188,48.77516174316406
Unprocessed,ALL,-1.0,CSIG,824,3.3366081714630127,3.2749955654144287,3.398003101348877,49.730899810791016
Unprocessed,ALL,-1.0,CBAK,824,2.4338808059692383,2.3867578506469727,2.480498790740967,50.205909729003906
Unprocessed,ALL,-1.0,COVL,824,2.6161787509918213,2.556771993637085,2.6751086711883545,50.82754135131836
AIDA2_betaWFB,bus,2.5,PESQ,42,1.869902491569519,1.698850154876709,2.0406463146209717,20.339563369750977
AIDA2_betaWFB,bus,2.5,CSIG,42,3.2712717056274414,3.100031852722168,3.44638991355896,22.29839515686035
AIDA2_betaWFB,bus,2.5,CBAK,42,1.822220802307129,1.7382144927978516,1.9119700193405151,20.217391967773438
AIDA2_betaWFB,bus,2.5,COVL,42,2.514911413192749,2.3518853187561035,2.6769893169403076,21.234027862548828
AIDA2_betaWFB,bus,7.5,PESQ,41,2.467183828353882,2.264666795730591,2.6645445823669434,25.195568084716797
AIDA2_betaWFB,bus,7.5,CSIG,41,3.8886568546295166,3.7169477939605713,4.061148643493652,24.143259048461914
AIDA2_betaWFB,bus,7.5,CBAK,41,2.2587339878082275,2.154698610305786,2.3551716804504395,24.548255920410156
AIDA2_betaWFB,bus,7.5,COVL,41,3.1506564617156982,2.9773521423339844,3.3344502449035645,24.672454833984375
AIDA2_betaWFB,bus,12.5,PESQ,41,2.8537838459014893,2.692077875137329,3.015655279159546,18.107458114624023
AIDA2_betaWFB,bus,12.5,CSIG,41,4.302428722381592,4.144565582275391,4.449703216552734,20.656692504882812
AIDA2_betaWFB,bus,12.5,CBAK,41,2.573206901550293,2.476531744003296,2.6709342002868652,20.677974700927734
AIDA2_betaWFB,bus,12.5,COVL,41,3.570786714553833,3.4107489585876465,3.7295877933502197,20.637493133544922
AIDA2_betaWFB,bus,17.5,PESQ,40,3.4001049995422363,3.2303128242492676,3.569873571395874,21.565231323242188
AIDA2_betaWFB,bus,17.5,CSIG,40,4.706140041351318,4.5642876625061035,4.846246242523193,17.359207153320312
AIDA2_betaWFB,bus,17.5,CBAK,40,2.9501500129699707,2.8463940620422363,3.0535335540771484,23.15099334716797
AIDA2_betaWFB,bus,17.5,COVL,40,4.092432022094727,3.909465789794922,4.263707160949707,22.356704711914062
AIDA2_betaWFB,cafe,2.5,PESQ,42,1.1701422929763794,1.1338104009628296,1.206771969795227,20.1889591217041
AIDA2_betaWFB,cafe,2.5,CSIG,42,2.004549264907837,1.8699393272399902,2.1359703540802,20.570045471191406
AIDA2_betaWFB,cafe,2.5,CBAK,42,1.3754514455795288,1.333617091178894,1.4161643981933594,24.03349494934082
AIDA2_betaWFB,cafe,2.5,COVL,42,1.4995440244674683,1.4162001609802246,1.5799286365509033,22.989952087402344
AIDA2_betaWFB,cafe,7.5,PESQ,40,1.3639659881591797,1.2873674631118774,1.4502986669540405,13.3290433883667
AIDA2_betaWFB,cafe,7.5,CSIG,40,2.5632894039154053,2.4285619258880615,2.7030155658721924,21.308561325073242
AIDA2_betaWFB,cafe,7.5,CBAK,40,1.6282446384429932,1.5658713579177856,1.6921993494033813,19.399547576904297
AIDA2_betaWFB,cafe,7.5,COVL,40,1.9094396829605103,1.8081347942352295,2.0182528495788574,18.420711517333984
AIDA2_betaWFB,cafe,12.5,PESQ,41,1.6488018035888672,1.5412863492965698,1.7552170753479004,24.586166381835938
AIDA2_betaWFB,cafe,12.5,CSIG,41,3.023798942565918,2.899627208709717,3.1479318141937256,23.064224243164062
AIDA2_betaWFB,cafe,12.5,CBAK,41,1.8893687725067139,1.8291722536087036,1.9501036405563354,24.55973243713379
AIDA2_betaWFB,cafe,12.5,COVL,41,2.2930612564086914,2.1815292835235596,2.4036712646484375,24.10081672668457
AIDA2_betaWFB,cafe,17.5,PESQ,41,2.087462902069092,1.9454078674316406,2.2361338138580322,24.491064071655273
AIDA2_betaWFB,cafe,17.5,CSIG,41,3.5203351974487305,3.3910789489746094,3.6513843536376953,24.409975051879883
AIDA2_betaWFB,cafe,17.5,CBAK,41,2.2219455242156982,2.1407546997070312,2.29982590675354,23.848384857177734
AIDA2_betaWFB,cafe,17.5,COVL,41,2.781416654586792,2.6465888023376465,2.923039436340332,24.596994400024414
AIDA2_betaWFB,living,2.5,PESQ,42,1.2183657884597778,1.1750786304473877,1.262534737586975,22.45503044128418
AIDA2_betaWFB,living,2.5,CSIG,42,2.1786365509033203,2.0617144107818604,2.2812089920043945,10.283015251159668
AIDA2_betaWFB,living,2.5,CBAK,42,1.3992486000061035,1.363831639289856,1.435408115386963,21.914413452148438
AIDA2_betaWFB,living,2.5,COVL,42,1.6128357648849487,1.547694206237793,1.672291874885559,11.738520622253418
AIDA2_betaWFB,living,7.5,PESQ,42,1.5122383832931519,1.417149305343628,1.6046663522720337,24.884958267211914
AIDA2_betaWFB,living,7.5,CSIG,42,2.647569417953491,2.4896223545074463,2.7813475131988525,12.490544319152832
AIDA2_betaWFB,living,7.5,CBAK,42,1.7108160257339478,1.6517918109893799,1.769907832145691,23.248598098754883
AIDA2_betaWFB,living,7.5,COVL,42,2.017624616622925,1.9080692529678345,2.1310436725616455,21.147764205932617
AIDA2_betaWFB,living,12.5,PESQ,42,1.7825003862380981,1.664745569229126,1.8974957466125488,22.61055564880371
AIDA2_betaWFB,living,12.5,CSIG,42,3.0404810905456543,2.9165401458740234,3.16833758354187,17.68946075439453
AIDA2_betaWFB,living,12.5,CBAK,42,1.9447782039642334,1.878881812095642,2.0126187801361084,19.647428512573242
AIDA2_betaWFB,living,12.5,COVL,42,2.370185375213623,2.250978708267212,2.489799976348877,22.18528938293457
AIDA2_betaWFB,living,17.5,PESQ,40,2.349123477935791,2.2362170219421387,2.463576555252075,24.319507598876953
AIDA2_betaWFB,living,17.5,CSIG,40,3.5761160850524902,3.4071080684661865,3.739809989929199,16.578298568725586
AIDA2_betaWFB,living,17.5,CBAK,40,2.3663642406463623,2.3074429035186768,2.425265073776245,23.635950088500977
AIDA2_betaWFB,living,17.5,COVL,40,2.935678243637085,2.799182415008545,3.068500280380249,23.37135887145996
AIDA2_betaWFB,office,2.5,PESQ,40,2.0184264183044434,1.877007007598877,2.160053014755249,24.377727508544922
AIDA2_betaWFB,office,2.5,CSIG,40,3.331155776977539,3.2276883125305176,3.4398674964904785,23.691856384277344
AIDA2_betaWFB,office,2.5,CBAK,40,1.9807666540145874,1.9008057117462158,2.058619260787964,23.60152816772461
AIDA2_betaWFB,office,2.5,COVL,40,2.6482152938842773,2.5244147777557373,2.7636728286743164,24.84100914001465
AIDA2_betaWFB,office,7.5,PESQ,41,2.5940909385681152,2.45188045501709,2.7264013290405273,21.523963928222656
AIDA2_betaWFB,office,7.5,CSIG,41,3.9781582355499268,3.8670434951782227,4.0822296142578125,23.42198371887207
AIDA2_betaWFB,office,7.5,CBAK,41,2.3659653663635254,2.297750949859619,2.435299873352051,21.295480728149414
AIDA2_betaWFB,office,7.5,COVL,41,3.274583578109741,3.158216714859009,3.3879201412200928,23.20072364807129
AIDA2_betaWFB,office,12.5,PESQ,42,2.9736783504486084,2.8424129486083984,3.1067793369293213,18.38564109802246
AIDA2_betaWFB,office,12.5,CSIG,42,4.3539299964904785,4.247127056121826,4.456925392150879,22.5463924407959
AIDA2_betaWFB,office,12.5,CBAK,42,2.644986867904663,2.5728402137756348,2.7169878482818604,20.61912727355957
AIDA2_betaWFB,office,12.5,COVL,42,3.66662859916687,3.544867515563965,3.784982442855835,21.295669555664062
AIDA2_betaWFB,office,17.5,PESQ,41,3.416783332824707,3.3005752563476562,3.526986598968506,8.650604248046875
AIDA2_betaWFB,office,17.5,CSIG,41,4.776343822479248,4.6789679527282715,4.8694376945495605,10.931390762329102
AIDA2_betaWFB,office,17.5,CBAK,41,2.99869966506958,2.923347234725952,3.064615249633789,12.364104270935059
AIDA2_betaWFB,office,17.5,COVL,41,4.12207555770874,3.9999547004699707,4.231335639953613,12.515270233154297
AIDA2_betaWFB,psquare,2.5,PESQ,41,1.3083055019378662,1.2500289678573608,1.3675862550735474,20.06314468383789
AIDA2_betaWFB,psquare,2.5,CSIG,41,2.680361270904541,2.5765552520751953,2.7830052375793457,21.556196212768555
AIDA2_betaWFB,psquare,2.5,CBAK,41,1.5264678001403809,1.4717328548431396,1.580241084098816,24.309494018554688
AIDA2_betaWFB,psquare,2.5,COVL,41,1.9329102039337158,1.8525010347366333,2.011148452758789,22.08672332763672
AIDA2_betaWFB,psquare,7.5,PESQ,42,1.5719926357269287,1.479472279548645,1.6622463464736938,25.861631393432617
AIDA2_betaWFB,psquare,7.5,CSIG,42,3.045754909515381,2.950021266937256,3.1421399116516113,22.949731826782227
AIDA2_betaWFB,psquare,7.5,CBAK,42,1.781509518623352,1.7314327955245972,1.831099271774292,21.475305557250977
AIDA2_betaWFB,psquare,7.5,COVL,42,2.2672555446624756,2.1811623573303223,2.350419759750366,24.51993179321289
AIDA2_betaWFB,psquare,12.5,PESQ,41,1.969710350036621,1.822953701019287,2.121309518814087,25.203285217285156
AIDA2_betaWFB,psquare,12.5,CSIG,41,3.5636510848999023,3.439969539642334,3.6853702068328857,17.54034996032715
AIDA2_betaWFB,psquare,12.5,CBAK,41,2.0936193466186523,2.012467384338379,2.1715478897094727,22.75871467590332
AIDA2_betaWFB,psquare,12.5,COVL,41,2.742424249649048,2.6005475521087646,2.87754225730896,23.20966911315918
AIDA2_betaWFB,psquare,17.5,PESQ,42,2.5935075283050537,2.4670209884643555,2.7284648418426514,24.01519203186035
AIDA2_betaWFB,psquare,17.5,CSIG,42,4.05684232711792,3.9174060821533203,4.1968994140625,22.234830856323242
AIDA2_betaWFB,psquare,17.5,CBAK,42,2.5197062492370605,2.449376344680786,2.5885517597198486,23.690183639526367
AIDA2_betaWFB,psquare,17.5,COVL,42,3.316284418106079,3.184990406036377,3.4515256881713867,23.270477294921875
AIDA2_betauFB,bus,2.5,PESQ,42,1.8117494583129883,1.6492544412612915,1.9770679473876953,20.796005249023438
AIDA2_betauFB,bus,2.5,CSIG,42,3.2002642154693604,3.047220230102539,3.358905792236328,22.505355834960938
AIDA2_betauFB,bus,2.5,CBAK,42,1.821141242980957,1.736100196838379,1.9079619646072388,20.13743782043457
AIDA2_betauFB,bus,2.5,COVL,42,2.4481375217437744,2.2993853092193604,2.6122641563415527,20.674137115478516
AIDA2_betauFB,bus,7.5,PESQ,41,2.392963409423828,2.2058451175689697,2.5824217796325684,24.00484275817871
AIDA2_betauFB,bus,7.5,CSIG,41,3.8077175617218018,3.6469712257385254,3.9765987396240234,23.43687629699707
AIDA2_betauFB,bus,7.5,CBAK,41,2.266005516052246,2.1708767414093018,2.360992193222046,23.924041748046875
AIDA2_betauFB,bus,7.5,COVL,41,3.0772345066070557,2.898115634918213,3.2528932094573975,23.85955238342285
AIDA2_betauFB,bus,12.5,PESQ,41,2.7908780574798584,2.627746820449829,2.9521079063415527,18.227399826049805
AIDA2_betauFB,bus,12.5,CSIG,41,4.247047424316406,4.094624996185303,4.397911071777344,20.815717697143555
AIDA2_betauFB,bus,12.5,CBAK,41,2.595259428024292,2.498453378677368,2.691840171813965,19.88963508605957
AIDA2_betauFB,bus,12.5,COVL,41,3.514124870300293,3.3521931171417236,3.6665728092193604,20.465633392333984
AIDA2_betauFB,bus,17.5,PESQ,40,3.353041172027588,3.1776955127716064,3.521575689315796,21.560802459716797
AIDA2_betauFB,bus,17.5,CSIG,40,4.668032169342041,4.52816915512085,4.808291912078857,18.257837295532227
AIDA2_betauFB,bus,17.5,CBAK,40,2.973571300506592,2.8662118911743164,3.077510356903076,22.800779342651367
AIDA2_betauFB,bus,17.5,COVL,40,4.0495195388793945,3.889021635055542,4.222993850708008,22.279109954833984
AIDA2_betauFB,cafe,2.5,PESQ,42,1.1660957336425781,1.1292943954467773,1.2044514417648315,19.75798225402832
AIDA2_betauFB,cafe,2.5,CSIG,42,1.9744629859924316,1.850953459739685,2.095426082611084,20.989044189453125
AIDA2_betauFB,cafe,2.5,CBAK,42,1.4016317129135132,1.3584588766098022,1.447747826576233,24.352863311767578
AIDA2_betauFB,cafe,2.5,COVL,42,1.4836621284484863,1.4019310474395752,1.5654218196868896,23.371734619140625
AIDA2_betauFB,cafe,7.5,PESQ,40,1.362410306930542,1.2867406606674194,1.4427729845046997,14.895296096801758
AIDA2_betauFB,cafe,7.5,CSIG,40,2.5425736904144287,2.414828062057495,2.6719987392425537,21.099109649658203
AIDA2_betauFB,cafe,7.5,CBAK,40,1.6641604900360107,1.6015872955322266,1.729443907737732,18.625226974487305
AIDA2_betauFB,cafe,7.5,COVL,40,1.8958191871643066,1.798438310623169,1.9945420026779175,18.049482345581055
AIDA2_betauFB,cafe,12.5,PESQ,41,1.6342569589614868,1.527812123298645,1.738598108291626,24.23432159423828
AIDA2_betauFB,cafe,12.5,CSIG,41,2.9965577125549316,2.8757870197296143,3.1180591583251953,23.682415008544922
AIDA2_betauFB,cafe,12.5,CBAK,41,1.9296740293502808,1.8686726093292236,1.9914017915725708,24.449321746826172
AIDA2_betauFB,cafe,12.5,COVL,41,2.275773048400879,2.169788122177124,2.3845698833465576,23.933454513549805
AIDA2_betauFB,cafe,17.5,PESQ,41,2.0234522819519043,1.8769919872283936,2.1657626628875732,24.843530654907227
AIDA2_betauFB,cafe,17.5,CSIG,41,3.476895332336426,3.348262310028076,3.6045472621917725,24.56329917907715
AIDA2_betauFB,cafe,17.5,CBAK,41,2.232475996017456,2.153111696243286,2.313443183898926,25.174333572387695
AIDA2_betauFB,cafe,17.5,COVL,41,2.7288849353790283,2.5969345569610596,2.863121509552002,24.6109619140625
AIDA2_betauFB,living,2.5,PESQ,42,1.218524694442749,1.1763148307800293,1.2622970342636108,22.81026268005371
AIDA2_betauFB,living,2.5,CSIG,42,2.1681294441223145,2.054603338241577,2.2670235633850098,11.343779563903809
AIDA2_betauFB,living,2.5,CBAK,42,1.4284048080444336,1.3891123533248901,1.4663403034210205,23.25238800048828
AIDA2_betauFB,living,2.5,COVL,42,1.6064013242721558,1.540837049484253,1.6648048162460327,13.019506454467773
AIDA2_betauFB,living,7.5,PESQ,42,1.4776924848556519,1.380731225013733,1.5696784257888794,26.678030014038086
AIDA2_betauFB,living,7.5,CSIG,42,2.6193437576293945,2.4714386463165283,2.7600808143615723,13.907293319702148
AIDA2_betauFB,living,7.5,CBAK,42,1.73568856716156,1.6768628358840942,1.7913014888763428,24.192014694213867
AIDA2_betauFB,living,7.5,COVL,42,1.9869422912597656,1.8757457733154297,2.099551200866699,22.186586380004883
AIDA2_betauFB,living,12.5,PESQ,42,1.7624186277389526,1.6461570262908936,1.8834186792373657,23.620590209960938
AIDA2_betauFB,living,12.5,CSIG,42,3.025763750076294,2.899853229522705,3.1547634601593018,19.005321502685547
AIDA2_betauFB,living,12.5,CBAK,42,1.984616756439209,1.917984127998352,2.0529398918151855,19.78212547302246
AIDA2_betauFB,living,12.5,COVL,42,2.352060079574585,2.229698657989502,2.4728786945343018,22.32159996032715
AIDA2_betauFB,living,17.5,PESQ,40,2.314899444580078,2.189446449279785,2.4377896785736084,22.20842742919922
AIDA2_betauFB,living,17.5,CSIG,40,3.538726806640625,3.369638204574585,3.6994895935058594,22.009136199951172
AIDA2_betauFB,living,17.5,CBAK,40,2.3859455585479736,2.318734645843506,2.452598810195923,22.26429557800293
AIDA2_betauFB,living,17.5,COVL,40,2.9033737182617188,2.7561609745025635,3.050161838531494,24.82229995727539
AIDA2_betauFB,office,2.5,PESQ,40,1.9122449159622192,1.7655106782913208,2.0564208030700684,26.04876708984375
AIDA2_betauFB,office,2.5,CSIG,40,3.259852409362793,3.1473467350006104,3.3720688819885254,23.692432403564453
AIDA2_betauFB,office,2.5,CBAK,40,1.9650952816009521,1.8821505308151245,2.043976306915283,24.822172164916992
AIDA2_betauFB,office,2.5,COVL,40,2.557443141937256,2.436262369155884,2.677605152130127,25.590564727783203
AIDA2_betauFB,office,7.5,PESQ,41,2.4696760177612305,2.3389179706573486,2.598294258117676,24.29023551940918
AIDA2_betauFB,office,7.5,CSIG,41,3.8997035026550293,3.794292688369751,4.000121116638184,24.81368637084961
AIDA2_betauFB,office,7.5,CBAK,41,2.3505935668945312,2.2769711017608643,2.4203073978424072,23.471492767333984
AIDA2_betauFB,office,7.5,COVL,41,3.172600507736206,3.0536129474639893,3.2920784950256348,24.765295028686523
AIDA2_betauFB,office,12.5,PESQ,42,2.932874917984009,2.799372673034668,3.0621917247772217,18.79550552368164
AIDA2_betauFB,office,12.5,CSIG,42,4.333279609680176,4.228574275970459,4.436337947845459,21.883188247680664
AIDA2_betauFB,office,12.5,CBAK,42,2.677216053009033,2.60447359085083,2.753281354904175,21.11556053161621
AIDA2_betauFB,office,12.5,COVL,42,3.6401984691619873,3.518838405609131,3.7567362785339355,20.617504119873047
AIDA2_betauFB,office,17.5,PESQ,41,3.3773419857025146,3.246408462524414,3.4989118576049805,11.815025329589844
AIDA2_betauFB,office,17.5,CSIG,41,4.745995998382568,4.649239540100098,4.8416972160339355,16.091394424438477
AIDA2_betauFB,office,17.5,CBAK,41,3.0204079151153564,2.944979190826416,3.0854687690734863,11.600043296813965
AIDA2_betauFB,office,17.5,COVL,41,4.088505268096924,3.969843864440918,4.205224514007568,15.365530967712402
AIDA2_betauFB,psquare,2.5,PESQ,41,1.2912280559539795,1.2347007989883423,1.3489670753479004,15.356302261352539
AIDA2_betauFB,psquare,2.5,CSIG,41,2.6405811309814453,2.5448827743530273,2.737839460372925,21.44256591796875
AIDA2_betauFB,psquare,2.5,CBAK,41,1.5472418069839478,1.494729995727539,1.6011027097702026,24.141551971435547
AIDA2_betauFB,psquare,2.5,COVL,41,1.9046494960784912,1.827105164527893,1.9809691905975342,20.003021240234375
AIDA2_betauFB,psquare,7.5,PESQ,42,1.5362976789474487,1.4355753660202026,1.633013367652893,26.91870880126953
AIDA2_betauFB,psquare,7.5,CSIG,42,2.991137742996216,2.898268938064575,3.0864131450653076,23.714832305908203
AIDA2_betauFB,psquare,7.5,CBAK,42,1.8049061298370361,1.7520352602005005,1.8576916456222534,22.935630798339844
AIDA2_betauFB,psquare,7.5,COVL,42,2.2248504161834717,2.1368629932403564,2.316192388534546,25.147924423217773
AIDA2_betauFB,psquare,12.5,PESQ,41,1.9314637184143066,1.7716110944747925,2.0844061374664307,25.32914161682129
AIDA2_betauFB,psquare,12.5,CSIG,41,3.5253806114196777,3.4065256118774414,3.6425719261169434,17.26243782043457
AIDA2_betauFB,psquare,12.5,CBAK,41,2.1217641830444336,2.0410478115081787,2.2017693519592285,23.69940948486328
AIDA2_betauFB,psquare,12.5,COVL,41,2.7049312591552734,2.5650250911712646,2.8441007137298584,23.22316551208496
AIDA2_betauFB,psquare,17.5,PESQ,42,2.530334711074829,2.4026877880096436,2.6526873111724854,24.1353759765625
AIDA2_betauFB,psquare,17.5,CSIG,42,4.001787185668945,3.8697831630706787,4.130198001861572,23.732807159423828
AIDA2_betauFB,psquare,17.5,CBAK,42,2.528228521347046,2.460660457611084,2.5927371978759766,24.12079429626465
AIDA2_betauFB,psquare,17.5,COVL,42,3.2561769485473633,3.1273770332336426,3.3849287033081055,24.25510597229004
AIDA2_thetaWFB,bus,2.5,PESQ,42,1.657694935798645,1.551080346107483,1.7711817026138306,21.25641441345215
AIDA2_thetaWFB,bus,2.5,CSIG,42,3.0666587352752686,2.9259657859802246,3.2069919109344482,21.945083618164062
AIDA2_thetaWFB,bus,2.5,CBAK,42,1.9101918935775757,1.8466030359268188,1.9721893072128296,24.25206756591797
AIDA2_thetaWFB,bus,2.5,COVL,42,2.3051998615264893,2.1846396923065186,2.4259724617004395,21.877090454101562
AIDA2_thetaWFB,bus,7.5,PESQ,41,2.0239226818084717,1.9172461032867432,2.1334547996520996,23.898122787475586
AIDA2_thetaWFB,bus,7.5,CSIG,41,3.5322916507720947,3.41231369972229,3.6509413719177246,21.301172256469727
AIDA2_thetaWFB,bus,7.5,CBAK,41,2.2028281688690186,2.1507513523101807,2.2539336681365967,23.780637741088867
AIDA2_thetaWFB,bus,7.5,COVL,41,2.747809648513794,2.635322093963623,2.856130361557007,22.62015724182129
AIDA2_thetaWFB,bus,12.5,PESQ,41,2.1894514560699463,2.057866096496582,2.3208107948303223,24.963441848754883
AIDA2_thetaWFB,bus,12.5,CSIG,41,3.838637351989746,3.7188358306884766,3.9573543071746826,17.610116958618164
AIDA2_thetaWFB,bus,12.5,CBAK,41,2.3576314449310303,2.2936222553253174,2.419677734375,24.27068519592285
AIDA2_thetaWFB,bus,12.5,COVL,41,2.998716354370117,2.868236541748047,3.123725414276123,23.7540283203125
AIDA2_thetaWFB,bus,17.5,PESQ,40,2.249650478363037,2.1319589614868164,2.3620445728302,24.258840560913086
AIDA2_thetaWFB,bus,17.5,CSIG,40,3.9915413856506348,3.866992235183716,4.115673542022705,23.028650283813477
AIDA2_thetaWFB,bus,17.5,CBAK,40,2.449241876602173,2.3846123218536377,2.511944532394409,23.415557861328125
AIDA2_thetaWFB,bus,17.5,COVL,40,3.1233370304107666,2.9931228160858154,3.2451834678649902,23.685346603393555
AIDA2_thetaWFB,cafe,2.5,PESQ,42,1.2019683122634888,1.1620768308639526,1.2414213418960571,19.73043441772461
AIDA2_thetaWFB,cafe,2.5,CSIG,42,1.969009518623352,1.8345046043395996,2.1012017726898193,22.12957763671875
AIDA2_thetaWFB,cafe,2.5,CBAK,42,1.5694317817687988,1.5269789695739746,1.6124703884124756,21.12545394897461
AIDA2_thetaWFB,cafe,2.5,COVL,42,1.4970386028289795,1.4128599166870117,1.5797103643417358,23.853757858276367
AIDA2_thetaWFB,cafe,7.5,PESQ,40,1.3617860078811646,1.298608660697937,1.4270151853561401,20.241106033325195
AIDA2_thetaWFB,cafe,7.5,CSIG,40,2.49745774269104,2.3559813499450684,2.6349778175354004,23.790912628173828
AIDA2_thetaWFB,cafe,7.5,CBAK,40,1.7822211980819702,1.73405921459198,1.8322945833206177,21.921390533447266
AIDA2_thetaWFB,cafe,7.5,COVL,40,1.8692357540130615,1.771054744720459,1.9650797843933105,23.37212562561035
AIDA2_thetaWFB,cafe,12.5,PESQ,41,1.5637989044189453,1.4743307828903198,1.6522294282913208,25.300296783447266
AIDA2_thetaWFB,cafe,12.5,CSIG,41,2.9171149730682373,2.803183078765869,3.034743309020996,23.82875633239746
AIDA2_thetaWFB,cafe,12.5,CBAK,41,1.9716541767120361,1.9257535934448242,2.017094135284424,24.59909439086914
AIDA2_thetaWFB,cafe,12.5,COVL,41,2.1975386142730713,2.0903289318084717,2.29984450340271,25.67528533935547
AIDA2_thetaWFB,cafe,17.5,PESQ,41,1.756805658340454,1.6900835037231445,1.8254865407943726,22.557926177978516
AIDA2_thetaWFB,cafe,17.5,CSIG,41,3.2536728382110596,3.1658411026000977,3.3444857597351074,24.0579776763916
AIDA2_thetaWFB,cafe,17.5,CBAK,41,2.126040458679199,2.088320016860962,2.1654212474823,23.83827018737793
AIDA2_thetaWFB,cafe,17.5,COVL,41,2.47847318649292,2.401308059692383,2.554067611694336,24.082918167114258
AIDA2_thetaWFB,living,2.5,PESQ,42,1.264454960823059,1.2129076719284058,1.318605661392212,20.385112762451172
AIDA2_thetaWFB,living,2.5,CSIG,42,2.1446712017059326,2.0253279209136963,2.2506725788116455,10.963451385498047
AIDA2_thetaWFB,living,2.5,CBAK,42,1.6388158798217773,1.5955098867416382,1.6813642978668213,22.09756088256836
AIDA2_thetaWFB,living,2.5,COVL,42,1.6165827512741089,1.5480159521102905,1.678255319595337,12.505040168762207
AIDA2_thetaWFB,living,7.5,PESQ,42,1.4546488523483276,1.377963662147522,1.5296833515167236,21.528507232666016
AIDA2_thetaWFB,living,7.5,CSIG,42,2.613942861557007,2.489690065383911,2.7081706523895264,3.9597296714782715
AIDA2_thetaWFB,living,7.5,CBAK,42,1.8700671195983887,1.827157735824585,1.9127211570739746,25.492708206176758
AIDA2_thetaWFB,living,7.5,COVL,42,1.950705885887146,1.8562947511672974,2.0414047241210938,15.974255561828613
AIDA2_thetaWFB,living,12.5,PESQ,42,1.6255245208740234,1.543144702911377,1.7099493741989136,22.5169734954834
AIDA2_thetaWFB,living,12.5,CSIG,42,2.895634889602661,2.790151596069336,2.9989771842956543,14.881279945373535
AIDA2_thetaWFB,living,12.5,CBAK,42,2.0041980743408203,1.9595940113067627,2.048995018005371,19.650856018066406
AIDA2_thetaWFB,living,12.5,COVL,42,2.2139229774475098,2.12371826171875,2.3002424240112305,20.347681045532227
AIDA2_thetaWFB,living,17.5,PESQ,40,1.7569082975387573,1.6869282722473145,1.826598882675171,23.5650577545166
AIDA2_thetaWFB,living,17.5,CSIG,40,3.1536569595336914,3.008287191390991,3.295412063598633,13.620319366455078
AIDA2_thetaWFB,living,17.5,CBAK,40,2.1409144401550293,2.101600170135498,2.1817944049835205,24.370803833007812
AIDA2_thetaWFB,living,17.5,COVL,40,2.422590732574463,2.313243865966797,2.525588035583496,22.049028396606445
AIDA2_thetaWFB,office,2.5,PESQ,40,1.724854826927185,1.642204999923706,1.8119072914123535,20.35454559326172
AIDA2_thetaWFB,office,2.5,CSIG,40,3.104325294494629,3.0224409103393555,3.182643413543701,20.765113830566406
AIDA2_thetaWFB,office,2.5,CBAK,40,2.054675579071045,1.999131441116333,2.1077065467834473,21.33464241027832
AIDA2_thetaWFB,office,2.5,COVL,40,2.3870387077331543,2.311062812805176,2.4608757495880127,22.66444969177246
AIDA2_thetaWFB,office,7.5,PESQ,41,2.060468912124634,1.9713698625564575,2.1518068313598633,18.960344314575195
AIDA2_thetaWFB,office,7.5,CSIG,41,3.593559741973877,3.5134031772613525,3.677077293395996,21.454957962036133
AIDA2_thetaWFB,office,7.5,CBAK,41,2.2685699462890625,2.21928334236145,2.318355083465576,18.359060287475586
AIDA2_thetaWFB,office,7.5,COVL,41,2.8103151321411133,2.7204556465148926,2.904132843017578,20.038532257080078
AIDA2_thetaWFB,office,12.5,PESQ,42,2.3003897666931152,2.197605609893799,2.4046592712402344,19.922805786132812
AIDA2_thetaWFB,office,12.5,CSIG,42,3.881316661834717,3.7927167415618896,3.970390796661377,22.67916488647461
AIDA2_thetaWFB,office,12.5,CBAK,42,2.4178667068481445,2.3619277477264404,2.4711878299713135,21.04807472229004
AIDA2_thetaWFB,office,12.5,COVL,42,3.0874691009521484,2.988382339477539,3.183542490005493,21.459672927856445
AIDA2_thetaWFB,office,17.5,PESQ,41,2.3154244422912598,2.2154741287231445,2.4152681827545166,21.99725914001465
AIDA2_thetaWFB,office,17.5,CSIG,41,4.045113563537598,3.9545881748199463,4.131872653961182,21.70745086669922
AIDA2_thetaWFB,office,17.5,CBAK,41,2.5097432136535645,2.4578466415405273,2.5614733695983887,23.07097816467285
AIDA2_thetaWFB,office,17.5,COVL,41,3.1934638023376465,3.098094940185547,3.2900476455688477,21.948368072509766
AIDA2_thetaWFB,psquare,2.5,PESQ,41,1.3473479747772217,1.291317343711853,1.405383586883545,20.390880584716797
AIDA2_thetaWFB,psquare,2.5,CSIG,41,2.646329879760742,2.549872398376465,2.747166633605957,21.190515518188477
AIDA2_thetaWFB,psquare,2.5,CBAK,41,1.7521802186965942,1.6947838068008423,1.8087849617004395,23.492708206176758
AIDA2_thetaWFB,psquare,2.5,COVL,41,1.933629035949707,1.8536083698272705,2.0127503871917725,21.982627868652344
AIDA2_thetaWFB,psquare,7.5,PESQ,42,1.5684561729431152,1.4933844804763794,1.6428585052490234,24.795394897460938
AIDA2_thetaWFB,psquare,7.5,CSIG,42,2.9719581604003906,2.881871461868286,3.062744617462158,24.772132873535156
AIDA2_thetaWFB,psquare,7.5,CBAK,42,1.9457353353500366,1.9033560752868652,1.9884353876113892,25.28661346435547
AIDA2_thetaWFB,psquare,7.5,COVL,42,2.226395606994629,2.1455624103546143,2.305001735687256,25.303220748901367
AIDA2_thetaWFB,psquare,12.5,PESQ,41,1.712764024734497,1.6103373765945435,1.8121017217636108,24.70703887939453
AIDA2_thetaWFB,psquare,12.5,CSIG,41,3.3412039279937744,3.2490243911743164,3.4364469051361084,11.829473495483398
AIDA2_thetaWFB,psquare,12.5,CBAK,41,2.079507827758789,2.0246710777282715,2.134547233581543,22.00226593017578
AIDA2_thetaWFB,psquare,12.5,COVL,41,2.4989776611328125,2.3968260288238525,2.595334529876709,20.30063819885254
AIDA2_thetaWFB,psquare,17.5,PESQ,42,1.9471495151519775,1.8505797386169434,2.043736696243286,22.86398696899414
AIDA2_thetaWFB,psquare,17.5,CSIG,42,3.597334623336792,3.4560883045196533,3.735689640045166,16.960527420043945
AIDA2_thetaWFB,psquare,17.5,CBAK,42,2.2664337158203125,2.2107484340667725,2.321106433868408,21.211645126342773
AIDA2_thetaWFB,psquare,17.5,COVL,42,2.7587101459503174,2.636556625366211,2.875300884246826,19.897281646728516
AIDA2_thetauFB,bus,2.5,PESQ,42,1.5844981670379639,1.4776662588119507,1.6959728002548218,20.868724822998047
AIDA2_thetauFB,bus,2.5,CSIG,42,2.8907251358032227,2.744533061981201,3.036837339401245,22.16777801513672
AIDA2_thetauFB,bus,2.5,CBAK,42,1.9057883024215698,1.8518787622451782,1.9632012844085693,24.593303680419922
AIDA2_thetauFB,bus,2.5,COVL,42,2.1776230335235596,2.0604867935180664,2.295199155807495,21.49749183654785
AIDA2_thetauFB,bus,7.5,PESQ,41,1.9100918769836426,1.763516902923584,2.0545737743377686,23.695117950439453
AIDA2_thetauFB,bus,7.5,CSIG,41,3.343233585357666,3.2035210132598877,3.4886314868927,22.6787166595459
AIDA2_thetauFB,bus,7.5,CBAK,41,2.1808502674102783,2.1210265159606934,2.2420992851257324,24.712059020996094
AIDA2_thetauFB,bus,7.5,COVL,41,2.5974113941192627,2.4580185413360596,2.7394957542419434,22.91421890258789
AIDA2_thetauFB,bus,12.5,PESQ,41,2.029212713241577,1.895208716392517,2.1680335998535156,22.470657348632812
AIDA2_thetauFB,bus,12.5,CSIG,41,3.6612396240234375,3.5372838973999023,3.7825241088867188,17.87520980834961
AIDA2_thetauFB,bus,12.5,CBAK,41,2.32907772064209,2.264075756072998,2.3962955474853516,21.801250457763672
AIDA2_thetauFB,bus,12.5,COVL,41,2.829932689666748,2.7056186199188232,2.949249029159546,21.953277587890625
AIDA2_thetauFB,bus,17.5,PESQ,40,2.2807552814483643,2.1386606693267822,2.4267406463623047,24.52328109741211
AIDA2_thetauFB,bus,17.5,CSIG,40,3.9272477626800537,3.7978053092956543,4.052352428436279,24.193750381469727
AIDA2_thetauFB,bus,17.5,CBAK,40,2.50156569480896,2.4263687133789062,2.5782339572906494,24.099599838256836
AIDA2_thetauFB,bus,17.5,COVL,40,3.110351800918579,2.968050241470337,3.2503821849823,24.608123779296875
AIDA2_thetauFB,cafe,2.5,PESQ,42,1.1669009923934937,1.1292767524719238,1.2070472240447998,15.2466402053833
AIDA2_thetauFB,cafe,2.5,CSIG,42,1.8192322254180908,1.6986500024795532,1.9420090913772583,21.863548278808594
AIDA2_thetauFB,cafe,2.5,CBAK,42,1.59528386592865,1.5574805736541748,1.6335246562957764,22.61060333251953
AIDA2_thetauFB,cafe,2.5,COVL,42,1.4058459997177124,1.3287429809570312,1.479838490486145,23.908361434936523
AIDA2_thetauFB,cafe,7.5,PESQ,40,1.3194178342819214,1.2706142663955688,1.3711724281311035,16.640716552734375
AIDA2_thetauFB,cafe,7.5,CSIG,40,2.360161542892456,2.2348170280456543,2.484194040298462,24.411348342895508
AIDA2_thetauFB,cafe,7.5,CBAK,40,1.8164888620376587,1.7763601541519165,1.8553345203399658,21.45709800720215
AIDA2_thetauFB,cafe,7.5,COVL,40,1.781019926071167,1.6962807178497314,1.8649486303329468,24.590547561645508
AIDA2_thetauFB,cafe,12.5,PESQ,41,1.4941251277923584,1.418652892112732,1.5687613487243652,24.311809539794922
AIDA2_thetauFB,cafe,12.5,CSIG,41,2.760631561279297,2.6518173217773438,2.8716328144073486,23.789630889892578
AIDA2_thetauFB,cafe,12.5,CBAK,41,1.9820804595947266,1.9375965595245361,2.0272843837738037,23.872146606445312
AIDA2_thetauFB,cafe,12.5,COVL,41,2.0857620239257812,1.9945683479309082,2.1714253425598145,24.55009651184082
AIDA2_thetauFB,cafe,17.5,PESQ,41,1.6999619007110596,1.6231729984283447,1.7798079252243042,23.57685661315918
AIDA2_thetauFB,cafe,17.5,CSIG,41,3.149890661239624,3.0667388439178467,3.235172748565674,24.193376541137695
AIDA2_thetauFB,cafe,17.5,CBAK,41,2.139586925506592,2.099414825439453,2.179415464401245,24.811363220214844
AIDA2_thetauFB,cafe,17.5,COVL,41,2.401252031326294,2.327176570892334,2.4772958755493164,24.409488677978516
AIDA2_thetauFB,living,2.5,PESQ,42,1.2236080169677734,1.180039405822754,1.2678983211517334,17.023313522338867
AIDA2_thetauFB,living,2.5,CSIG,42,2.0241055488586426,1.9088563919067383,2.1285364627838135,13.467636108398438
AIDA2_thetauFB,living,2.5,CBAK,42,1.6724282503128052,1.6396297216415405,1.7060887813568115,23.50611114501953
AIDA2_thetauFB,living,2.5,COVL,42,1.5457794666290283,1.4812967777252197,1.6012828350067139,12.200013160705566
AIDA2_thetauFB,living,7.5,PESQ,42,1.3869004249572754,1.323775053024292,1.4509779214859009,18.91547393798828
AIDA2_thetauFB,living,7.5,CSIG,42,2.4604744911193848,2.307227849960327,2.5864741802215576,8.31093978881836
AIDA2_thetauFB,living,7.5,CBAK,42,1.8832885026931763,1.8412739038467407,1.92742919921875,23.730571746826172
AIDA2_thetauFB,living,7.5,COVL,42,1.853538155555725,1.7617757320404053,1.951427698135376,17.848379135131836
AIDA2_thetauFB,living,12.5,PESQ,42,1.5481512546539307,1.4653407335281372,1.6322240829467773,23.499696731567383
AIDA2_thetauFB,living,12.5,CSIG,42,2.7634191513061523,2.6564149856567383,2.873809576034546,17.025360107421875
AIDA2_thetauFB,living,12.5,CBAK,42,2.019488573074341,1.9751927852630615,2.0635101795196533,19.096397399902344
AIDA2_thetauFB,living,12.5,COVL,42,2.1162731647491455,2.026714563369751,2.204920768737793,21.305498123168945
AIDA2_thetauFB,living,17.5,PESQ,40,1.7879703044891357,1.7008082866668701,1.8768043518066406,21.915876388549805
AIDA2_thetauFB,living,17.5,CSIG,40,3.1240901947021484,2.978983163833618,3.264517307281494,18.849023818969727
AIDA2_thetauFB,living,17.5,CBAK,40,2.1942331790924072,2.139064311981201,2.248342752456665,24.767698287963867
AIDA2_thetauFB,living,17.5,COVL,40,2.4334654808044434,2.313591718673706,2.546623706817627,22.95610237121582
AIDA2_thetauFB,office,2.5,PESQ,40,1.6255732774734497,1.5441945791244507,1.7041572332382202,24.787193298339844
AIDA2_thetauFB,office,2.5,CSIG,40,2.9193150997161865,2.8512203693389893,2.9918935298919678,16.451984405517578
AIDA2_thetauFB,office,2.5,CBAK,40,2.0265583992004395,1.9733744859695435,2.0774059295654297,23.90828514099121
AIDA2_thetauFB,office,2.5,COVL,40,2.239905834197998,2.174246311187744,2.3069441318511963,20.568965911865234
AIDA2_thetauFB,office,7.5,PESQ,41,1.9511679410934448,1.8325515985488892,2.069744825363159,21.089916229248047
AIDA2_thetauFB,office,7.5,CSIG,41,3.4465243816375732,3.3446197509765625,3.545294761657715,23.66901206970215
AIDA2_thetauFB,office,7.5,CBAK,41,2.258411169052124,2.2093849182128906,2.3092763423919678,21.052968978881836
AIDA2_thetauFB,office,7.5,COVL,41,2.683560609817505,2.574416399002075,2.7926645278930664,23.084653854370117
AIDA2_thetauFB,office,12.5,PESQ,42,2.3190386295318604,2.2160696983337402,2.42110013961792,23.261083602905273
AIDA2_thetauFB,office,12.5,CSIG,42,3.8225350379943848,3.7337758541107178,3.9060914516448975,24.691593170166016
AIDA2_thetauFB,office,12.5,CBAK,42,2.468798875808716,2.422205686569214,2.515608549118042,21.6890926361084
AIDA2_thetauFB,office,12.5,COVL,42,3.071284294128418,2.982907295227051,3.1603946685791016,25.06387710571289
AIDA2_thetauFB,office,17.5,PESQ,41,2.4049673080444336,2.273019313812256,2.5450901985168457,23.610225677490234
AIDA2_thetauFB,office,17.5,CSIG,41,4.0558576583862305,3.953464984893799,4.155181884765625,24.051286697387695
AIDA2_thetauFB,office,17.5,CBAK,41,2.5883328914642334,2.523308038711548,2.653930902481079,23.152484893798828
AIDA2_thetauFB,office,17.5,COVL,41,3.2463130950927734,3.1235194206237793,3.367452621459961,23.920576095581055
AIDA2_thetauFB,psquare,2.5,PESQ,41,1.2905077934265137,1.246222734451294,1.3352900743484497,21.058063507080078
AIDA2_thetauFB,psquare,2.5,CSIG,41,2.469698905944824,2.3868186473846436,2.556061267852783,24.368558883666992
AIDA2_thetauFB,psquare,2.5,CBAK,41,1.7575490474700928,1.7072112560272217,1.807722568511963,22.696006774902344
AIDA2_thetauFB,psquare,2.5,COVL,41,1.813340663909912,1.7533124685287476,1.8729671239852905,23.298908233642578
AIDA2_thetauFB,psquare,7.5,PESQ,42,1.4680594205856323,1.3993877172470093,1.5382806062698364,21.976652145385742
AIDA2_thetauFB,psquare,7.5,CSIG,42,2.782315254211426,2.7006170749664307,2.866091251373291,25.669763565063477
AIDA2_thetauFB,psquare,7.5,CBAK,42,1.939603328704834,1.9034805297851562,1.975399374961853,24.88642120361328
AIDA2_thetauFB,psquare,7.5,COVL,42,2.0844566822052,2.0155608654022217,2.154510021209717,24.470111846923828
AIDA2_thetauFB,psquare,12.5,PESQ,41,1.6161912679672241,1.5115234851837158,1.7201359272003174,18.433862686157227
AIDA2_thetauFB,psquare,12.5,CSIG,41,3.1913650035858154,3.0980706214904785,3.2815799713134766,9.029040336608887
AIDA2_thetauFB,psquare,12.5,CBAK,41,2.0826592445373535,2.0279364585876465,2.136603832244873,16.32280731201172
AIDA2_thetauFB,psquare,12.5,COVL,41,2.3732659816741943,2.2800064086914062,2.4670989513397217,13.109978675842285
AIDA2_thetauFB,psquare,17.5,PESQ,42,1.9044681787490845,1.8051562309265137,2.007354497909546,19.628210067749023
AIDA2_thetauFB,psquare,17.5,CSIG,42,3.5114517211914062,3.382516860961914,3.6320879459381104,21.684579849243164
AIDA2_thetauFB,psquare,17.5,CBAK,42,2.279698610305786,2.227274179458618,2.3320906162261963,20.619300842285156
AIDA2_thetauFB,psquare,17.5,COVL,42,2.700025796890259,2.5850963592529297,2.808194637298584,21.89697265625
SEM,bus,2.5,PESQ,42,1.871275782585144,1.69672691822052,2.0414113998413086,19.5666446685791
SEM,bus,2.5,CSIG,42,3.26664662361145,3.0976498126983643,3.4276914596557617,22.349966049194336
SEM,bus,2.5,CBAK,42,1.8214776515960693,1.7338569164276123,1.9115450382232666,20.32710838317871
SEM,bus,2.5,COVL,42,2.5175833702087402,2.3486833572387695,2.6881940364837646,21.315677642822266
SEM,bus,7.5,PESQ,41,2.4691402912139893,2.272470474243164,2.6652305126190186,24.154312133789062
SEM,bus,7.5,CSIG,41,3.8872013092041016,3.7241547107696533,4.054419040679932,23.797969818115234
SEM,bus,7.5,CBAK,41,2.2634165287017822,2.1632773876190186,2.359846830368042,24.588520050048828
SEM,bus,7.5,COVL,41,3.1520657539367676,2.9703381061553955,3.3324191570281982,24.378137588500977
SEM,bus,12.5,PESQ,41,2.8510143756866455,2.6800789833068848,3.01774263381958,17.662174224853516
SEM,bus,12.5,CSIG,41,4.302657604217529,4.149257659912109,4.451510906219482,20.21125030517578
SEM,bus,12.5,CBAK,41,2.5719268321990967,2.4765307903289795,2.665569305419922,21.026609420776367
SEM,bus,12.5,COVL,41,3.5699779987335205,3.404435157775879,3.7295801639556885,20.4859676361084
SEM,bus,17.5,PESQ,40,3.383052349090576,3.210517406463623,3.550835609436035,21.037763595581055
SEM,bus,17.5,CSIG,40,4.703725814819336,4.567741394042969,4.833377838134766,17.681161880493164
SEM,bus,17.5,CBAK,40,2.9409730434417725,2.8438966274261475,3.040585994720459,22.880069732666016
SEM,bus,17.5,COVL,40,4.07837438583374,3.907487630844116,4.234246253967285,22.243181228637695
SEM,cafe,2.5,PESQ,42,1.1706373691558838,1.1344010829925537,1.2073876857757568,19.842235565185547
SEM,cafe,2.5,CSIG,42,2.0038414001464844,1.8690873384475708,2.1354048252105713,20.271825790405273
SEM,cafe,2.5,CBAK,42,1.37654447555542,1.334272861480713,1.4183177947998047,24.50597381591797
SEM,cafe,2.5,COVL,42,1.5005362033843994,1.417484164237976,1.584896206855774,23.558189392089844
SEM,cafe,7.5,PESQ,40,1.3654897212982178,1.2904911041259766,1.4499163627624512,12.855114936828613
SEM,cafe,7.5,CSIG,40,2.5616066455841064,2.421950578689575,2.6952059268951416,21.47989845275879
SEM,cafe,7.5,CBAK,40,1.628565788269043,1.5671653747558594,1.6907893419265747,19.277496337890625
SEM,cafe,7.5,COVL,40,1.9095652103424072,1.8079068660736084,2.015864610671997,18.75916290283203
SEM,cafe,12.5,PESQ,41,1.6495286226272583,1.5459282398223877,1.7506701946258545,24.07516860961914
SEM,cafe,12.5,CSIG,41,3.02384614944458,2.897658586502075,3.1478271484375,23.311363220214844
SEM,cafe,12.5,CBAK,41,1.8920141458511353,1.8319058418273926,1.949767827987671,24.769180297851562
SEM,cafe,12.5,COVL,41,2.2993364334106445,2.1910150051116943,2.409099817276001,23.723203659057617
SEM,cafe,17.5,PESQ,41,2.091508150100708,1.9513458013534546,2.2296040058135986,24.778249740600586
SEM,cafe,17.5,CSIG,41,3.5212435722351074,3.393321990966797,3.650298833847046,24.36702537536621
SEM,cafe,17.5,CBAK,41,2.225253105163574,2.1456093788146973,2.3028359413146973,24.067188262939453
SEM,cafe,17.5,COVL,41,2.7826850414276123,2.6470720767974854,2.9197962284088135,24.697052001953125
SEM,living,2.5,PESQ,42,1.21897292137146,1.1771045923233032,1.2617357969284058,22.548114776611328
SEM,living,2.5,CSIG,42,2.1754443645477295,2.057997703552246,2.277330160140991,10.775803565979004
SEM,living,2.5,CBAK,42,1.3991954326629639,1.3633842468261719,1.4363778829574585,21.390213012695312
SEM,living,2.5,COVL,42,1.6126629114151,1.5479360818862915,1.6711198091506958,11.851205825805664
SEM,living,7.5,PESQ,42,1.517102599143982,1.4230877161026,1.6122384071350098,24.83247947692871
SEM,living,7.5,CSIG,42,2.6518638134002686,2.5068819522857666,2.7768685817718506,11.877547264099121
SEM,living,7.5,CBAK,42,1.7133748531341553,1.6546720266342163,1.772125482559204,23.35403823852539
SEM,living,7.5,COVL,42,2.0206291675567627,1.914630651473999,2.1311423778533936,20.952919006347656
SEM,living,12.5,PESQ,42,1.7845242023468018,1.6714825630187988,1.9000693559646606,22.787628173828125
SEM,living,12.5,CSIG,42,3.039944648742676,2.914757013320923,3.1643941402435303,18.025074005126953
SEM,living,12.5,CBAK,42,1.9464129209518433,1.8834822177886963,2.0106630325317383,19.638065338134766
SEM,living,12.5,COVL,42,2.3717730045318604,2.254389762878418,2.4887614250183105,21.681610107421875
SEM,living,17.5,PESQ,40,2.3542444705963135,2.242344379425049,2.4656078815460205,24.201723098754883
SEM,living,17.5,CSIG,40,3.581568956375122,3.401123285293579,3.7506139278411865,16.763200759887695
SEM,living,17.5,CBAK,40,2.37018084526062,2.31169056892395,2.4259116649627686,23.298690795898438
SEM,living,17.5,COVL,40,2.9435694217681885,2.8119518756866455,3.073798656463623,23.455476760864258
SEM,office,2.5,PESQ,40,2.01948881149292,1.8804455995559692,2.158250570297241,25.00560188293457
SEM,office,2.5,CSIG,40,3.331420421600342,3.222618818283081,3.438076972961426,23.067903518676758
SEM,office,2.5,CBAK,40,1.9855855703353882,1.9067676067352295,2.0613675117492676,23.25628662109375
SEM,office,2.5,COVL,40,2.6481919288635254,2.5302109718322754,2.766230583190918,25.209379196166992
SEM,office,7.5,PESQ,41,2.600281000137329,2.4675793647766113,2.7288355827331543,22.205772399902344
SEM,office,7.5,CSIG,41,3.9843337535858154,3.874664068222046,4.08711051940918,23.542741775512695
SEM,office,7.5,CBAK,41,2.3704679012298584,2.2988030910491943,2.440612316131592,21.956281661987305
SEM,office,7.5,COVL,41,3.284205913543701,3.165093421936035,3.3996951580047607,22.77998924255371
SEM,office,12.5,PESQ,42,2.97904109954834,2.845337390899658,3.1028523445129395,18.181659698486328
SEM,office,12.5,CSIG,42,4.355618476867676,4.243801593780518,4.462950706481934,23.049165725708008
SEM,office,12.5,CBAK,42,2.648357391357422,2.5725982189178467,2.723129987716675,20.94268035888672
SEM,office,12.5,COVL,42,3.670091390609741,3.555711507797241,3.7885653972625732,21.413604736328125
SEM,office,17.5,PESQ,41,3.4152424335479736,3.28908109664917,3.5272560119628906,9.358062744140625
SEM,office,17.5,CSIG,41,4.774969100952148,4.676231861114502,4.87371826171875,11.995147705078125
SEM,office,17.5,CBAK,41,2.9986655712127686,2.925091505050659,3.0634026527404785,12.080406188964844
SEM,office,17.5,COVL,41,4.122329235076904,4.003897666931152,4.241631031036377,13.303667068481445
SEM,psquare,2.5,PESQ,41,1.3100619316101074,1.2520198822021484,1.3700309991836548,19.58718490600586
SEM,psquare,2.5,CSIG,41,2.6799488067626953,2.572723627090454,2.782705068588257,21.34615707397461
SEM,psquare,2.5,CBAK,41,1.5282584428787231,1.4750615358352661,1.5846067667007446,23.940467834472656
SEM,psquare,2.5,COVL,41,1.933841586112976,1.8510363101959229,2.018681287765503,21.69000816345215
SEM,psquare,7.5,PESQ,42,1.5739758014678955,1.4871110916137695,1.6646336317062378,26.297405242919922
SEM,psquare,7.5,CSIG,42,3.045867681503296,2.9527266025543213,3.140749931335449,23.269859313964844
SEM,psquare,7.5,CBAK,42,1.782806396484375,1.7325257062911987,1.832025408744812,20.983646392822266
SEM,psquare,7.5,COVL,42,2.2694385051727295,2.182708740234375,2.3556630611419678,24.50040054321289
SEM,psquare,12.5,PESQ,41,1.9723856449127197,1.8146123886108398,2.132685661315918,24.328453063964844
SEM,psquare,12.5,CSIG,41,3.565084934234619,3.435063600540161,3.688849925994873,17.188814163208008
SEM,psquare,12.5,CBAK,41,2.0957677364349365,2.013214111328125,2.1753716468811035,22.573251724243164
SEM,psquare,12.5,COVL,41,2.745208263397217,2.6006662845611572,2.8857786655426025,23.202003479003906
SEM,psquare,17.5,PESQ,42,2.5965158939361572,2.4694201946258545,2.7216947078704834,24.10503578186035
SEM,psquare,17.5,CSIG,42,4.061331748962402,3.9256808757781982,4.197589874267578,21.853221893310547
SEM,psquare,17.5,CBAK,42,2.5249087810516357,2.4551193714141846,2.5948879718780518,23.350440979003906
SEM,psquare,17.5,COVL,42,3.3181872367858887,3.1854913234710693,3.446802854537964,23.74498176574707
SEM_lit,bus,2.5,PESQ,42,1.9786014556884766,1.7986929416656494,2.1539523601531982,21.44319725036621
SEM_lit,bus,2.5,CSIG,42,3.3229310512542725,3.1596474647521973,3.4886951446533203,22.4069766998291
SEM_lit,bus,2.5,CBAK,42,1.9620689153671265,1.873435378074646,2.054567813873291,22.017751693725586
SEM_lit,bus,2.5,COVL,42,2.5979957580566406,2.4259681701660156,2.772162914276123,22.07765769958496
SEM_lit,bus,7.5,PESQ,41,2.5880775451660156,2.4050161838531494,2.7724270820617676,22.690689086914062
SEM_lit,bus,7.5,CSIG,41,3.9463791847229004,3.785545825958252,4.099832534790039,22.04326057434082
SEM_lit,bus,7.5,CBAK,41,2.4021155834198,2.3114285469055176,2.4896719455718994,23.466617584228516
SEM_lit,bus,7.5,COVL,41,3.2478582859039307,3.0791521072387695,3.4140899181365967,22.491228103637695
SEM_lit,bus,12.5,PESQ,41,2.894545078277588,2.7251274585723877,3.0605082511901855,19.968578338623047
SEM_lit,bus,12.5,CSIG,41,4.309814929962158,4.164533615112305,4.449344158172607,21.90660285949707
SEM_lit,bus,12.5,CBAK,41,2.661874532699585,2.574439764022827,2.7503652572631836,21.131126403808594
SEM_lit,bus,12.5,COVL,41,3.593980550765991,3.443718433380127,3.7485408782958984,21.219736099243164
SEM_lit,bus,17.5,PESQ,40,3.3062989711761475,3.1415913105010986,3.4696521759033203,21.98419952392578
SEM_lit,bus,17.5,CSIG,40,4.651071071624756,4.495713233947754,4.795289516448975,21.340614318847656
SEM_lit,bus,17.5,CBAK,40,2.9488768577575684,2.851738452911377,3.0399792194366455,22.742774963378906
SEM_lit,bus,17.5,COVL,40,4.006046295166016,3.8389089107513428,4.168351650238037,22.85399627685547
SEM_lit,cafe,2.5,PESQ,42,1.1912380456924438,1.148369312286377,1.234614372253418,16.67786407470703
SEM_lit,cafe,2.5,CSIG,42,1.974567174911499,1.8384263515472412,2.1143856048583984,22.52150535583496
SEM_lit,cafe,2.5,CBAK,42,1.466944932937622,1.4209637641906738,1.5138715505599976,23.34785270690918
SEM_lit,cafe,2.5,COVL,42,1.4959956407546997,1.4069901704788208,1.5835412740707397,24.097909927368164
SEM_lit,cafe,7.5,PESQ,40,1.4173229932785034,1.3310537338256836,1.5119514465332031,14.013307571411133
SEM_lit,cafe,7.5,CSIG,40,2.565049886703491,2.4118664264678955,2.717650890350342,21.00120735168457
SEM_lit,cafe,7.5,CBAK,40,1.7381163835525513,1.674699306488037,1.8022998571395874,17.721675872802734
SEM_lit,cafe,7.5,COVL,40,1.9361976385116577,1.8185181617736816,2.0564539432525635,18.33250617980957
SEM_lit,cafe,12.5,PESQ,41,1.7412593364715576,1.6242345571517944,1.8592218160629272,24.084470748901367
SEM_lit,cafe,12.5,CSIG,41,3.0474090576171875,2.915254592895508,3.1745948791503906,23.87278175354004
SEM_lit,cafe,12.5,CBAK,41,2.0123822689056396,1.9435536861419678,2.0763437747955322,24.640146255493164
SEM_lit,cafe,12.5,COVL,41,2.357983112335205,2.232241153717041,2.480525016784668,24.240007400512695
SEM_lit,cafe,17.5,PESQ,41,2.262190103530884,2.152555465698242,2.371898651123047,23.924232482910156
SEM_lit,cafe,17.5,CSIG,41,3.597151517868042,3.4759490489959717,3.7188494205474854,24.952695846557617
SEM_lit,cafe,17.5,CBAK,41,2.3519327640533447,2.2879738807678223,2.419396162033081,23.744075775146484
SEM_lit,cafe,17.5,COVL,41,2.906160831451416,2.7946879863739014,3.024412155151367,25.13251495361328
SEM_lit,living,2.5,PESQ,42,1.2725248336791992,1.2149319648742676,1.3293850421905518,23.213743209838867
SEM_lit,living,2.5,CSIG,42,2.1865127086639404,2.0734918117523193,2.2824277877807617,8.604328155517578
SEM_lit,living,2.5,CBAK,42,1.52279794216156,1.4808144569396973,1.565981388092041,21.295278549194336
SEM_lit,living,2.5,COVL,42,1.6331690549850464,1.5606389045715332,1.704931378364563,16.539806365966797
SEM_lit,living,7.5,PESQ,42,1.585364580154419,1.4861961603164673,1.6870102882385254,25.10319709777832
SEM_lit,living,7.5,CSIG,42,2.673558235168457,2.5106606483459473,2.814577341079712,8.862550735473633
SEM_lit,living,7.5,CBAK,42,1.8368079662322998,1.7761286497116089,1.8963055610656738,24.713300704956055
SEM_lit,living,7.5,COVL,42,2.060678243637085,1.9389991760253906,2.187627077102661,19.827791213989258
SEM_lit,living,12.5,PESQ,42,1.914299726486206,1.7969837188720703,2.028409242630005,22.82932472229004
SEM_lit,living,12.5,CSIG,42,3.0899362564086914,2.96091890335083,3.2210001945495605,18.76715660095215
SEM_lit,living,12.5,CBAK,42,2.0957632064819336,2.0319528579711914,2.1615819931030273,21.429731369018555
SEM_lit,living,12.5,COVL,42,2.461294174194336,2.339465618133545,2.5836215019226074,22.131078720092773
SEM_lit,living,17.5,PESQ,40,2.3622734546661377,2.2508368492126465,2.469353437423706,23.215450286865234
SEM_lit,living,17.5,CSIG,40,3.5516881942749023,3.383857011795044,3.7149295806884766,18.153718948364258
SEM_lit,living,17.5,CBAK,40,2.4136338233947754,2.359391212463379,2.4683310985565186,22.351545333862305
SEM_lit,living,17.5,COVL,40,2.933657169342041,2.7993292808532715,3.0661165714263916,23.110681533813477
SEM_lit,office,2.5,PESQ,40,2.150329828262329,2.014261484146118,2.285219430923462,23.784992218017578
SEM_lit,office,2.5,CSIG,40,3.39858078956604,3.295647621154785,3.5008978843688965,22.43394660949707
SEM_lit,office,2.5,CBAK,40,2.1197350025177,2.0431301593780518,2.1936583518981934,24.492828369140625
SEM_lit,office,2.5,COVL,40,2.7465412616729736,2.633960008621216,2.8610663414001465,24.29439353942871
SEM_lit,office,7.5,PESQ,41,2.665538787841797,2.551513671875,2.7771027088165283,24.056299209594727
SEM_lit,office,7.5,CSIG,41,3.9988648891448975,3.903709650039673,4.097315311431885,23.50773048400879
SEM_lit,office,7.5,CBAK,41,2.480534553527832,2.4160661697387695,2.5389108657836914,24.40349578857422
SEM_lit,office,7.5,COVL,41,3.3247592449188232,3.2175638675689697,3.429069995880127,23.36571502685547
SEM_lit,office,12.5,PESQ,42,2.93963885307312,2.8089404106140137,3.0644290447235107,15.721708297729492
SEM_lit,office,12.5,CSIG,42,4.304903984069824,4.200266361236572,4.404829502105713,23.03266143798828
SEM_lit,office,12.5,CBAK,42,2.705099105834961,2.635138988494873,2.775458335876465,19.482421875
SEM_lit,office,12.5,COVL,42,3.6263558864593506,3.505146026611328,3.7433176040649414,20.40487289428711
SEM_lit,office,17.5,PESQ,41,3.37395977973938,3.2647902965545654,3.48093581199646,14.654094696044922
SEM_lit,office,17.5,CSIG,41,4.74100399017334,4.643285751342773,4.8336639404296875,13.93023681640625
SEM_lit,office,17.5,CBAK,41,3.0181143283843994,2.954223155975342,3.0798141956329346,16.54915428161621
SEM_lit,office,17.5,COVL,41,4.084326267242432,3.975597858428955,4.190553188323975,15.468522071838379
SEM_lit,psquare,2.5,PESQ,41,1.4068938493728638,1.321969747543335,1.4986287355422974,23.65892791748047
SEM_lit,psquare,2.5,CSIG,41,2.7170393466949463,2.6016483306884766,2.8324592113494873,22.79775619506836
SEM_lit,psquare,2.5,CBAK,41,1.6608396768569946,1.5946745872497559,1.7233784198760986,24.547943115234375
SEM_lit,psquare,2.5,COVL,41,2.002263307571411,1.9025452136993408,2.10064959526062,23.207477569580078
SEM_lit,psquare,7.5,PESQ,42,1.6947039365768433,1.5942946672439575,1.7937732934951782,25.383161544799805
SEM_lit,psquare,7.5,CSIG,42,3.09767746925354,3.002448797225952,3.1932923793792725,22.15415382385254
SEM_lit,psquare,7.5,CBAK,42,1.9254441261291504,1.872950553894043,1.9760637283325195,21.837617874145508
SEM_lit,psquare,7.5,COVL,42,2.3577940464019775,2.2636678218841553,2.4512081146240234,23.8912410736084
SEM_lit,psquare,12.5,PESQ,41,2.016753673553467,1.8521919250488281,2.1795148849487305,25.034807205200195
SEM_lit,psquare,12.5,CSIG,41,3.558239459991455,3.4335262775421143,3.6799654960632324,18.070524215698242
SEM_lit,psquare,12.5,CBAK,41,2.18295955657959,2.104846477508545,2.259983777999878,23.20051383972168
SEM_lit,psquare,12.5,COVL,41,2.7656452655792236,2.616124153137207,2.9083242416381836,23.278011322021484
SEM_lit,psquare,17.5,PESQ,42,2.6838877201080322,2.5600271224975586,2.8056774139404297,24.01343536376953
SEM_lit,psquare,17.5,CSIG,42,4.084347724914551,3.9448697566986084,4.225553035736084,22.214466094970703
SEM_lit,psquare,17.5,CBAK,42,2.6018645763397217,2.529888868331909,2.6752376556396484,23.33401107788086
SEM_lit,psquare,17.5,COVL,42,3.3732800483703613,3.23433256149292,3.5087239742279053,23.057947158813477
SEM_lit_uFB,bus,2.5,PESQ,42,1.8544682264328003,1.7023423910140991,2.006920337677002,21.708606719970703
SEM_lit_uFB,bus,2.5,CSIG,42,3.207475185394287,3.04644513130188,3.370398759841919,22.687637329101562
SEM_lit_uFB,bus,2.5,CBAK,42,1.9299824237823486,1.8486179113388062,2.0143885612487793,22.503835678100586
SEM_lit_uFB,bus,2.5,COVL,42,2.47332763671875,2.3200526237487793,2.627953290939331,21.704742431640625
SEM_lit_uFB,bus,7.5,PESQ,41,2.419171094894409,2.2404067516326904,2.6019814014434814,24.50994300842285
SEM_lit_uFB,bus,7.5,CSIG,41,3.8025012016296387,3.6455986499786377,3.9623916149139404,23.27715492248535
SEM_lit_uFB,bus,7.5,CBAK,41,2.356454372406006,2.269160747528076,2.4465394020080566,24.303543090820312
SEM_lit_uFB,bus,7.5,COVL,41,3.085115909576416,2.9215242862701416,3.2572171688079834,23.93280029296875
SEM_lit_uFB,bus,12.5,PESQ,41,2.7778258323669434,2.6216137409210205,2.9400527477264404,18.72919273376465
SEM_lit_uFB,bus,12.5,CSIG,41,4.204321384429932,4.056809425354004,4.3484416007995605,20.624614715576172
SEM_lit_uFB,bus,12.5,CBAK,41,2.6513922214508057,2.5596418380737305,2.745911121368408,20.297765731811523
SEM_lit_uFB,bus,12.5,COVL,41,3.4836604595184326,3.330249786376953,3.6286637783050537,20.696792602539062
SEM_lit_uFB,bus,17.5,PESQ,40,3.263458251953125,3.0932140350341797,3.431145191192627,22.367204666137695
SEM_lit_uFB,bus,17.5,CSIG,40,4.59644079208374,4.445044040679932,4.740411281585693,22.595449447631836
SEM_lit_uFB,bus,17.5,CBAK,40,2.9743621349334717,2.87349271774292,3.074835777282715,23.21013641357422
SEM_lit_uFB,bus,17.5,COVL,40,3.95462965965271,3.7882401943206787,4.116881370544434,22.880796432495117
SEM_lit_uFB,cafe,2.5,PESQ,42,1.1689637899398804,1.1292917728424072,1.2108895778656006,15.630922317504883
SEM_lit_uFB,cafe,2.5,CSIG,42,1.9320552349090576,1.8023525476455688,2.064720630645752,21.9797306060791
SEM_lit_uFB,cafe,2.5,CBAK,42,1.4883205890655518,1.4463218450546265,1.5321029424667358,24.370685577392578
SEM_lit_uFB,cafe,2.5,COVL,42,1.4666091203689575,1.383026361465454,1.5485265254974365,24.286991119384766
SEM_lit_uFB,cafe,7.5,PESQ,40,1.3873876333236694,1.308608889579773,1.4751981496810913,15.172235488891602
SEM_lit_uFB,cafe,7.5,CSIG,40,2.5136911869049072,2.3758225440979004,2.6493701934814453,21.690086364746094
SEM_lit_uFB,cafe,7.5,CBAK,40,1.768492579460144,1.710074543952942,1.8266979455947876,16.161169052124023
SEM_lit_uFB,cafe,7.5,COVL,40,1.895854115486145,1.7909409999847412,1.9992457628250122,18.260629653930664
SEM_lit_uFB,cafe,12.5,PESQ,41,1.6943975687026978,1.5867066383361816,1.8056640625,23.94593620300293
SEM_lit_uFB,cafe,12.5,CSIG,41,2.9875197410583496,2.865539312362671,3.107431173324585,22.71307373046875
SEM_lit_uFB,cafe,12.5,CBAK,41,2.0370211601257324,1.9775859117507935,2.0999603271484375,23.662580490112305
SEM_lit_uFB,cafe,12.5,COVL,41,2.3031017780303955,2.1916120052337646,2.4186577796936035,23.32563018798828
SEM_lit_uFB,cafe,17.5,PESQ,41,2.0793278217315674,1.9417434930801392,2.2203564643859863,23.872270584106445
SEM_lit_uFB,cafe,17.5,CSIG,41,3.4468038082122803,3.3189384937286377,3.5678184032440186,24.292478561401367
SEM_lit_uFB,cafe,17.5,CBAK,41,2.309885263442993,2.2384676933288574,2.3831756114959717,23.567806243896484
SEM_lit_uFB,cafe,17.5,COVL,41,2.7406210899353027,2.6075267791748047,2.860438823699951,24.684404373168945
SEM_lit_uFB,living,2.5,PESQ,42,1.2420125007629395,1.1932214498519897,1.292356252670288,23.599180221557617
SEM_lit_uFB,living,2.5,CSIG,42,2.137971878051758,2.020526170730591,2.237156867980957,10.930022239685059
SEM_lit_uFB,living,2.5,CBAK,42,1.5428584814071655,1.5043864250183105,1.5829838514328003,22.69671630859375
SEM_lit_uFB,living,2.5,COVL,42,1.6025959253311157,1.5383011102676392,1.6646474599838257,15.264055252075195
SEM_lit_uFB,living,7.5,PESQ,42,1.5305014848709106,1.4304081201553345,1.6359155178070068,26.48884391784668
SEM_lit_uFB,living,7.5,CSIG,42,2.612787961959839,2.4580276012420654,2.7481837272644043,9.433343887329102
SEM_lit_uFB,living,7.5,CBAK,42,1.8504658937454224,1.7882709503173828,1.9091906547546387,25.376371383666992
SEM_lit_uFB,living,7.5,COVL,42,2.0036795139312744,1.8873976469039917,2.1194064617156982,20.44727325439453
SEM_lit_uFB,living,12.5,PESQ,42,1.8057445287704468,1.676486849784851,1.9372917413711548,25.083221435546875
SEM_lit_uFB,living,12.5,CSIG,42,2.9967565536499023,2.863440990447998,3.127122640609741,19.9309024810791
SEM_lit_uFB,living,12.5,CBAK,42,2.093158006668091,2.027878999710083,2.1594974994659424,20.746686935424805
SEM_lit_uFB,living,12.5,COVL,42,2.362719774246216,2.230423927307129,2.5011518001556396,23.69658851623535
SEM_lit_uFB,living,17.5,PESQ,40,2.289462089538574,2.163642406463623,2.420588493347168,22.66014862060547
SEM_lit_uFB,living,17.5,CSIG,40,3.4655351638793945,3.2906851768493652,3.631592273712158,20.923009872436523
SEM_lit_uFB,living,17.5,CBAK,40,2.421006917953491,2.3527445793151855,2.4880332946777344,22.518844604492188
SEM_lit_uFB,living,17.5,COVL,40,2.853142261505127,2.7070364952087402,2.9963693618774414,25.456050872802734
SEM_lit_uFB,office,2.5,PESQ,40,1.9937344789505005,1.8585147857666016,2.129270315170288,24.808719635009766
SEM_lit_uFB,office,2.5,CSIG,40,3.2716760635375977,3.1692612171173096,3.3771474361419678,23.193727493286133
SEM_lit_uFB,office,2.5,CBAK,40,2.076158285140991,1.9956005811691284,2.1588504314422607,22.72022819519043
SEM_lit_uFB,office,2.5,COVL,40,2.603534698486328,2.4855244159698486,2.7188944816589355,25.035036087036133
SEM_lit_uFB,office,7.5,PESQ,41,2.4763681888580322,2.3366777896881104,2.621758460998535,24.869243621826172
SEM_lit_uFB,office,7.5,CSIG,41,3.8532402515411377,3.7464823722839355,3.957491397857666,24.205337524414062
SEM_lit_uFB,office,7.5,CBAK,41,2.432101011276245,2.363365411758423,2.5041463375091553,24.59377098083496
SEM_lit_uFB,office,7.5,COVL,41,3.157928466796875,3.0343210697174072,3.28340482711792,24.9420223236084
SEM_lit_uFB,office,12.5,PESQ,42,2.836817502975464,2.724616289138794,2.948751211166382,19.032611846923828
SEM_lit_uFB,office,12.5,CSIG,42,4.2156267166137695,4.124469757080078,4.308012008666992,23.43613052368164
SEM_lit_uFB,office,12.5,CBAK,42,2.700604200363159,2.635235071182251,2.7673304080963135,21.536867141723633
SEM_lit_uFB,office,12.5,COVL,42,3.531571388244629,3.423105001449585,3.6360557079315186,21.77886390686035
SEM_lit_uFB,office,17.5,PESQ,41,3.260335922241211,3.1279547214508057,3.3832621574401855,12.191662788391113
SEM_lit_uFB,office,17.5,CSIG,41,4.6332926750183105,4.527538299560547,4.736146450042725,19.107324600219727
SEM_lit_uFB,office,17.5,CBAK,41,3.006279945373535,2.932243824005127,3.0723159313201904,13.200761795043945
SEM_lit_uFB,office,17.5,COVL,41,3.969144582748413,3.8437108993530273,4.086211681365967,16.192302703857422
SEM_lit_uFB,psquare,2.5,PESQ,41,1.3373785018920898,1.2716302871704102,1.4039618968963623,21.171960830688477
SEM_lit_uFB,psquare,2.5,CSIG,41,2.6426022052764893,2.54115891456604,2.7451319694519043,22.062177658081055
SEM_lit_uFB,psquare,2.5,CBAK,41,1.655702829360962,1.5989195108413696,1.7126269340515137,24.772518157958984
SEM_lit_uFB,psquare,2.5,COVL,41,1.9283215999603271,1.8462507724761963,2.010934829711914,21.617088317871094
SEM_lit_uFB,psquare,7.5,PESQ,42,1.5964752435684204,1.4941463470458984,1.6942951679229736,26.18088722229004
SEM_lit_uFB,psquare,7.5,CSIG,42,2.997190237045288,2.903257131576538,3.087169647216797,23.467615127563477
SEM_lit_uFB,psquare,7.5,CBAK,42,1.9187244176864624,1.8681272268295288,1.9691660404205322,23.199201583862305
SEM_lit_uFB,psquare,7.5,COVL,42,2.2572109699249268,2.162564277648926,2.351687431335449,24.520488739013672
SEM_lit_uFB,psquare,12.5,PESQ,41,1.9473696947097778,1.7934013605117798,2.0985336303710938,25.416379928588867
SEM_lit_uFB,psquare,12.5,CSIG,41,3.4873156547546387,3.3694424629211426,3.6052122116088867,16.31090545654297
SEM_lit_uFB,psquare,12.5,CBAK,41,2.1986823081970215,2.1232528686523438,2.2696707248687744,23.034175872802734
SEM_lit_uFB,psquare,12.5,COVL,41,2.6921579837799072,2.5541017055511475,2.8329269886016846,22.794919967651367
SEM_lit_uFB,psquare,17.5,PESQ,42,2.5319836139678955,2.4009838104248047,2.6632370948791504,24.20475196838379
SEM_lit_uFB,psquare,17.5,CSIG,42,3.952711820602417,3.8248095512390137,4.079922676086426,23.463632583618164
SEM_lit_uFB,psquare,17.5,CBAK,42,2.5708000659942627,2.5004732608795166,2.638889789581299,24.13180923461914
SEM_lit_uFB,psquare,17.5,COVL,42,3.234074831008911,3.102889060974121,3.363856315612793,24.299654006958008
SEM_uFB,bus,2.5,PESQ,42,1.8125122785568237,1.6573008298873901,1.9744665622711182,21.088298797607422
SEM_uFB,bus,2.5,CSIG,42,3.1862270832061768,3.0201971530914307,3.3493216037750244,22.229259490966797
SEM_uFB,bus,2.5,CBAK,42,1.8203425407409668,1.740166187286377,1.9043779373168945,20.644712448120117
SEM_uFB,bus,2.5,COVL,42,2.4398443698883057,2.2864339351654053,2.5955910682678223,21.093442916870117
SEM_uFB,bus,7.5,PESQ,41,2.391761541366577,2.2092854976654053,2.5725271701812744,24.011207580566406
SEM_uFB,bus,7.5,CSIG,41,3.793861150741577,3.629055976867676,3.9529988765716553,23.309267044067383
SEM_uFB,bus,7.5,CBAK,41,2.266099214553833,2.1714887619018555,2.3604798316955566,23.698863983154297
SEM_uFB,bus,7.5,COVL,41,3.072202682495117,2.896657705307007,3.242105484008789,23.6980037689209
SEM_uFB,bus,12.5,PESQ,41,2.7881662845611572,2.6261494159698486,2.947944164276123,17.31991958618164
SEM_uFB,bus,12.5,CSIG,41,4.235745429992676,4.0915045738220215,4.384976863861084,20.862829208374023
SEM_uFB,bus,12.5,CBAK,41,2.593736171722412,2.497389793395996,2.6885201930999756,20.159788131713867
SEM_uFB,bus,12.5,COVL,41,3.5044946670532227,3.349447727203369,3.6625804901123047,20.468412399291992
SEM_uFB,bus,17.5,PESQ,40,3.3555448055267334,3.189967155456543,3.5185868740081787,20.737504959106445
SEM_uFB,bus,17.5,CSIG,40,4.667942523956299,4.532646656036377,4.802529335021973,18.703231811523438
SEM_uFB,bus,17.5,CBAK,40,2.97351336479187,2.8705785274505615,3.075064182281494,23.14015007019043
SEM_uFB,bus,17.5,COVL,40,4.044465065002441,3.8830599784851074,4.204244136810303,21.947294235229492
SEM_uFB,cafe,2.5,PESQ,42,1.166291356086731,1.1287508010864258,1.205432415008545,20.132781982421875
SEM_uFB,cafe,2.5,CSIG,42,1.9703480005264282,1.84681236743927,2.096264123916626,21.029781341552734
SEM_uFB,cafe,2.5,CBAK,42,1.4022440910339355,1.358190655708313,1.4461085796356201,24.740943908691406
SEM_uFB,cafe,2.5,COVL,42,1.4792344570159912,1.397509217262268,1.5575058460235596,23.494823455810547
SEM_uFB,cafe,7.5,PESQ,40,1.3659113645553589,1.2911348342895508,1.445077896118164,15.016922950744629
SEM_uFB,cafe,7.5,CSIG,40,2.5382494926452637,2.4023990631103516,2.6726856231689453,21.58035659790039
SEM_uFB,cafe,7.5,CBAK,40,1.665379285812378,1.6048338413238525,1.7278738021850586,18.29380226135254
SEM_uFB,cafe,7.5,COVL,40,1.8915313482284546,1.7923952341079712,1.993544340133667,18.074604034423828
SEM_uFB,cafe,12.5,PESQ,41,1.6373627185821533,1.532573938369751,1.744792103767395,24.242074966430664
SEM_uFB,cafe,12.5,CSIG,41,2.9947307109832764,2.8822410106658936,3.1046385765075684,23.52035140991211
SEM_uFB,cafe,12.5,CBAK,41,1.9304144382476807,1.8693368434906006,1.9912716150283813,24.078317642211914
SEM_uFB,cafe,12.5,COVL,41,2.2758185863494873,2.1737420558929443,2.383073568344116,23.391159057617188
SEM_uFB,cafe,17.5,PESQ,41,2.020034074783325,1.8743575811386108,2.160083770751953,25.418384552001953
SEM_uFB,cafe,17.5,CSIG,41,3.4709930419921875,3.3427681922912598,3.6019692420959473,23.917997360229492
SEM_uFB,cafe,17.5,CBAK,41,2.230316638946533,2.150779962539673,2.312412738800049,24.907363891601562
SEM_uFB,cafe,17.5,COVL,41,2.7235193252563477,2.591982364654541,2.8546056747436523,24.466829299926758
SEM_uFB,living,2.5,PESQ,42,1.2193480730056763,1.1764360666275024,1.2633956670761108,22.63619041442871
SEM_uFB,living,2.5,CSIG,42,2.1586008071899414,2.039391279220581,2.261911630630493,12.113154411315918
SEM_uFB,living,2.5,CBAK,42,1.4289671182632446,1.3909417390823364,1.4669090509414673,22.972827911376953
SEM_uFB,living,2.5,COVL,42,1.6053767204284668,1.5407531261444092,1.666642189025879,13.232182502746582
SEM_uFB,living,7.5,PESQ,42,1.478574514389038,1.3803300857543945,1.5762113332748413,26.017837524414062
SEM_uFB,living,7.5,CSIG,42,2.6058926582336426,2.459716320037842,2.7397730350494385,15.50001049041748
SEM_uFB,living,7.5,CBAK,42,1.7388432025909424,1.6809934377670288,1.7965929508209229,24.162464141845703
SEM_uFB,living,7.5,COVL,42,1.9850705862045288,1.8725719451904297,2.092155694961548,22.521390914916992
SEM_uFB,living,12.5,PESQ,42,1.760880708694458,1.6409392356872559,1.8870805501937866,23.567493438720703
SEM_uFB,living,12.5,CSIG,42,3.0169901847839355,2.8949527740478516,3.1387569904327393,18.885887145996094
SEM_uFB,living,12.5,CBAK,42,1.9867596626281738,1.9171864986419678,2.0580942630767822,19.894926071166992
SEM_uFB,living,12.5,COVL,42,2.348682165145874,2.2271130084991455,2.4703564643859863,22.463197708129883
SEM_uFB,living,17.5,PESQ,40,2.319890260696411,2.192620038986206,2.4515795707702637,21.854032516479492
SEM_uFB,living,17.5,CSIG,40,3.5393171310424805,3.3774640560150146,3.696834087371826,22.81995391845703
SEM_uFB,living,17.5,CBAK,40,2.388641357421875,2.3240535259246826,2.4539053440093994,22.545555114746094
SEM_uFB,living,17.5,COVL,40,2.9076929092407227,2.77323055267334,3.0497796535491943,24.943931579589844
SEM_uFB,office,2.5,PESQ,40,1.9301034212112427,1.792222499847412,2.067627429962158,25.531911849975586
SEM_uFB,office,2.5,CSIG,40,3.2649269104003906,3.1583352088928223,3.373753786087036,23.70248031616211
SEM_uFB,office,2.5,CBAK,40,1.975703239440918,1.8974673748016357,2.0547118186950684,23.730236053466797
SEM_uFB,office,2.5,COVL,40,2.5681190490722656,2.448399782180786,2.6867997646331787,25.530134201049805
SEM_uFB,office,7.5,PESQ,41,2.474220037460327,2.3414084911346436,2.6041109561920166,24.644481658935547
SEM_uFB,office,7.5,CSIG,41,3.8991291522979736,3.796433687210083,3.9984302520751953,25.04433822631836
SEM_uFB,office,7.5,CBAK,41,2.3563039302825928,2.286619186401367,2.4236268997192383,23.432308197021484
SEM_uFB,office,7.5,COVL,41,3.176051139831543,3.0578460693359375,3.295261859893799,24.70500946044922
SEM_uFB,office,12.5,PESQ,42,2.929248094558716,2.79683518409729,3.051734685897827,18.80179786682129
SEM_uFB,office,12.5,CSIG,42,4.318601608276367,4.216219902038574,4.420535564422607,21.99892234802246
SEM_uFB,office,12.5,CBAK,42,2.6758711338043213,2.6003971099853516,2.7499070167541504,21.209182739257812
SEM_uFB,office,12.5,COVL,42,3.629620313644409,3.5129568576812744,3.746290683746338,21.132043838500977
SEM_uFB,office,17.5,PESQ,41,3.3926451206207275,3.264868974685669,3.5065135955810547,11.10876178741455
SEM_uFB,office,17.5,CSIG,41,4.75272798538208,4.65519905090332,4.847372531890869,15.522430419921875
SEM_uFB,office,17.5,CBAK,41,3.0282773971557617,2.9580841064453125,3.0935592651367188,11.382006645202637
SEM_uFB,office,17.5,COVL,41,4.100026607513428,3.9774794578552246,4.2135725021362305,14.931744575500488
SEM_uFB,psquare,2.5,PESQ,41,1.2911264896392822,1.2363919019699097,1.3462812900543213,15.421937942504883
SEM_uFB,psquare,2.5,CSIG,41,2.6338117122650146,2.535963535308838,2.733302354812622,21.645862579345703
SEM_uFB,psquare,2.5,CBAK,41,1.5475516319274902,1.4947729110717773,1.5997954607009888,24.338247299194336
SEM_uFB,psquare,2.5,COVL,41,1.9017136096954346,1.8244328498840332,1.9779571294784546,20.141592025756836
SEM_uFB,psquare,7.5,PESQ,42,1.5392297506332397,1.442116379737854,1.635857343673706,26.41841697692871
SEM_uFB,psquare,7.5,CSIG,42,2.987903356552124,2.895554304122925,3.084404230117798,24.190065383911133
SEM_uFB,psquare,7.5,CBAK,42,1.808978796005249,1.7546987533569336,1.8641083240509033,22.505582809448242
SEM_uFB,psquare,7.5,COVL,42,2.222424030303955,2.129955530166626,2.3119022846221924,25.356536865234375
SEM_uFB,psquare,12.5,PESQ,41,1.9355388879776,1.7733412981033325,2.0970704555511475,25.186275482177734
SEM_uFB,psquare,12.5,CSIG,41,3.5197577476501465,3.3942203521728516,3.6433498859405518,17.01068878173828
SEM_uFB,psquare,12.5,CBAK,41,2.122267723083496,2.040398597717285,2.203124523162842,23.4456729888916
SEM_uFB,psquare,12.5,COVL,41,2.7028026580810547,2.557403564453125,2.845609188079834,23.327308654785156
SEM_uFB,psquare,17.5,PESQ,42,2.5345346927642822,2.4082345962524414,2.658660650253296,23.863529205322266
SEM_uFB,psquare,17.5,CSIG,42,4.002095699310303,3.870746374130249,4.133188247680664,23.483800888061523
SEM_uFB,psquare,17.5,CBAK,42,2.5299112796783447,2.463392496109009,2.594980001449585,24.00857925415039
SEM_uFB,psquare,17.5,COVL,42,3.260319948196411,3.134762763977051,3.379225969314575,24.67220687866211
Unprocessed,bus,2.5,PESQ,42,1.7193835973739624,1.5582878589630127,1.8834713697433472,18.02558708190918
Unprocessed,bus,2.5,CSIG,42,3.1999170780181885,3.040923595428467,3.355266571044922,21.20838737487793
Unprocessed,bus,2.5,CBAK,42,1.959241271018982,1.862806797027588,2.0601882934570312,20.702836990356445
Unprocessed,bus,2.5,COVL,42,2.4066174030303955,2.2535297870635986,2.568035125732422,19.044086456298828
Unprocessed,bus,7.5,PESQ,41,2.2769947052001953,2.0800349712371826,2.4802279472351074,25.57851219177246
Unprocessed,bus,7.5,CSIG,41,3.7974071502685547,3.62951922416687,3.9698829650878906,24.79670524597168
Unprocessed,bus,7.5,CBAK,41,2.509037733078003,2.3870115280151367,2.6312828063964844,25.184782028198242
Unprocessed,bus,7.5,COVL,41,3.0157036781311035,2.8357388973236084,3.203007459640503,25.324609756469727
Unprocessed,bus,12.5,PESQ,41,2.706070899963379,2.5266621112823486,2.8814926147460938,19.918672561645508
Unprocessed,bus,12.5,CSIG,41,4.239567756652832,4.069436550140381,4.395391941070557,21.87591552734375
Unprocessed,bus,12.5,CBAK,41,2.983375072479248,2.8538260459899902,3.108673095703125,20.218122482299805
Unprocessed,bus,12.5,COVL,41,3.4705607891082764,3.302625894546509,3.636404514312744,21.69154167175293
Unprocessed,bus,17.5,PESQ,40,3.2467472553253174,3.055102586746216,3.440114974975586,21.819168090820312
Unprocessed,bus,17.5,CSIG,40,4.639898777008057,4.488679885864258,4.785658836364746,21.140111923217773
Unprocessed,bus,17.5,CBAK,40,3.540849208831787,3.4037537574768066,3.680635452270508,23.003948211669922
Unprocessed,bus,17.5,COVL,40,3.9851081371307373,3.7993335723876953,4.170754909515381,23.36654281616211
Unprocessed,cafe,2.5,PESQ,42,1.1415945291519165,1.1119043827056885,1.1721246242523193,18.73457908630371
Unprocessed,cafe,2.5,CSIG,42,1.9503601789474487,1.8139913082122803,2.0822832584381104,20.897607803344727
Unprocessed,cafe,2.5,CBAK,42,1.5592923164367676,1.505341649055481,1.6118038892745972,24.81951332092285
Unprocessed,cafe,2.5,COVL,42,1.4583088159561157,1.3747307062149048,1.537145972251892,22.764766693115234
Unprocessed,cafe,7.5,PESQ,40,1.2986012697219849,1.2337108850479126,1.3704876899719238,11.50213623046875
Unprocessed,cafe,7.5,CSIG,40,2.5078938007354736,2.368908405303955,2.6495659351348877,21.41193199157715
Unprocessed,cafe,7.5,CBAK,40,1.921025276184082,1.8365657329559326,2.0072309970855713,19.560813903808594
Unprocessed,cafe,7.5,COVL,40,1.8495951890945435,1.7484105825424194,1.9519373178482056,17.482067108154297
Unprocessed,cafe,12.5,PESQ,41,1.5290528535842896,1.4254647493362427,1.627795934677124,24.285001754760742
Unprocessed,cafe,12.5,CSIG,41,2.9461240768432617,2.8152942657470703,3.067337989807129,22.964603424072266
Unprocessed,cafe,12.5,CBAK,41,2.277092456817627,2.1882059574127197,2.3726534843444824,22.593469619750977
Unprocessed,cafe,12.5,COVL,41,2.1987059116363525,2.0876522064208984,2.3056979179382324,24.13653564453125
Unprocessed,cafe,17.5,PESQ,41,1.945471167564392,1.783240795135498,2.1020500659942627,25.521833419799805
Unprocessed,cafe,17.5,CSIG,41,3.448443651199341,3.3002467155456543,3.5945677757263184,24.907785415649414
Unprocessed,cafe,17.5,CBAK,41,2.800253391265869,2.6788783073425293,2.9240546226501465,25.514148712158203
Unprocessed,cafe,17.5,COVL,41,2.673513889312744,2.5273993015289307,2.822152853012085,25.195430755615234
Unprocessed,living,2.5,PESQ,42,1.1723353862762451,1.1396613121032715,1.2047626972198486,20.284074783325195
Unprocessed,living,2.5,CSIG,42,2.1346683502197266,2.02702260017395,2.2365832328796387,14.483863830566406
Unprocessed,living,2.5,CBAK,42,1.559238314628601,1.5161962509155273,1.6025890111923218,22.328765869140625
Unprocessed,living,2.5,COVL,42,1.5726195573806763,1.5112018585205078,1.6278572082519531,13.720463752746582
Unprocessed,living,7.5,PESQ,42,1.3998457193374634,1.3178890943527222,1.4827384948730469,25.592853546142578
Unprocessed,living,7.5,CSIG,42,2.6135783195495605,2.4754326343536377,2.729830265045166,8.6469144821167
Unprocessed,living,7.5,CBAK,42,1.9512251615524292,1.8819330930709839,2.0218849182128906,21.242298126220703
Unprocessed,living,7.5,COVL,42,1.9409208297729492,1.841883897781372,2.0418035984039307,20.149398803710938
Unprocessed,living,12.5,PESQ,42,1.6509969234466553,1.5326213836669922,1.7693637609481812,24.283390045166016
Unprocessed,living,12.5,CSIG,42,2.980243444442749,2.860504388809204,3.102160930633545,17.92950439453125
Unprocessed,living,12.5,CBAK,42,2.296330213546753,2.2000627517700195,2.3960013389587402,19.147676467895508
Unprocessed,living,12.5,COVL,42,2.277927875518799,2.1626858711242676,2.3890910148620605,21.763179779052734
Unprocessed,living,17.5,PESQ,40,2.250903844833374,2.125063896179199,2.3721423149108887,19.683361053466797
Unprocessed,living,17.5,CSIG,40,3.5181713104248047,3.340928792953491,3.684258460998535,19.62676239013672
Unprocessed,living,17.5,CBAK,40,2.892880916595459,2.801515579223633,2.9882445335388184,21.873565673828125
Unprocessed,living,17.5,COVL,40,2.858147621154785,2.70741868019104,3.0037436485290527,23.728702545166016
Unprocessed,office,2.5,PESQ,40,1.772516131401062,1.6275324821472168,1.9220691919326782,25.789325714111328
Unprocessed,office,2.5,CSIG,40,3.1940250396728516,3.090818166732788,3.3013992309570312,24.4954891204834
Unprocessed,office,2.5,CBAK,40,2.077601671218872,1.9891170263290405,2.163219451904297,22.941421508789062
Unprocessed,office,2.5,COVL,40,2.4549362659454346,2.3376400470733643,2.5724380016326904,25.549556732177734
Unprocessed,office,7.5,PESQ,41,2.3423357009887695,2.195777654647827,2.4851040840148926,22.68951988220215
Unprocessed,office,7.5,CSIG,41,3.8320436477661133,3.719297409057617,3.940356969833374,23.00205421447754
Unprocessed,office,7.5,CBAK,41,2.5882885456085205,2.4864890575408936,2.690645933151245,17.666101455688477
Unprocessed,office,7.5,COVL,41,3.077944040298462,2.9476373195648193,3.2050952911376953,23.51201629638672
Unprocessed,office,12.5,PESQ,42,2.7855024337768555,2.624506711959839,2.9347267150878906,19.03361701965332
Unprocessed,office,12.5,CSIG,42,4.260192394256592,4.144568920135498,4.3792219161987305,23.74100685119629
Unprocessed,office,12.5,CBAK,42,3.0615391731262207,2.947096347808838,3.171144723892212,22.402734756469727
Unprocessed,office,12.5,COVL,42,3.5301742553710938,3.3910930156707764,3.6702117919921875,21.654558181762695
Unprocessed,office,17.5,PESQ,41,3.24969220161438,3.090043306350708,3.3854057788848877,11.485114097595215
Unprocessed,office,17.5,CSIG,41,4.691174030303955,4.584222316741943,4.794040679931641,19.04861068725586
Unprocessed,office,17.5,CBAK,41,3.572042942047119,3.460516929626465,3.682990550994873,18.965267181396484
Unprocessed,office,17.5,COVL,41,3.9961960315704346,3.8612985610961914,4.122723579406738,17.0187931060791
Unprocessed,psquare,2.5,PESQ,41,1.2279627323150635,1.1822267770767212,1.275378942489624,13.506814956665039
Unprocessed,psquare,2.5,CSIG,41,2.6245861053466797,2.528249502182007,2.7213802337646484,20.78008460998535
Unprocessed,psquare,2.5,CBAK,41,1.689683198928833,1.6289936304092407,1.749255657196045,23.889970779418945
Unprocessed,psquare,2.5,COVL,41,1.8658547401428223,1.7936716079711914,1.9375542402267456,19.66025161743164
Unprocessed,psquare,7.5,PESQ,42,1.4519652128219604,1.3634700775146484,1.545155644416809,26.43981170654297
Unprocessed,psquare,7.5,CSIG,42,2.9774229526519775,2.893903970718384,3.061995506286621,22.76793098449707
Unprocessed,psquare,7.5,CBAK,42,2.0599753856658936,1.9846371412277222,2.134726047515869,23.631610870361328
Unprocessed,psquare,7.5,COVL,42,2.175468921661377,2.094538927078247,2.260024070739746,24.503358840942383
Unprocessed,psquare,12.5,PESQ,41,1.8281033039093018,1.6693848371505737,1.9850287437438965,25.359437942504883
Unprocessed,psquare,12.5,CSIG,41,3.4824957847595215,3.3536622524261475,3.60689640045166,18.575590133666992
Unprocessed,psquare,12.5,CBAK,41,2.504521608352661,2.3854260444641113,2.6244702339172363,23.583984375
Unprocessed,psquare,12.5,COVL,41,2.6353323459625244,2.491532564163208,2.782811403274536,23.247493743896484
Unprocessed,psquare,17.5,PESQ,42,2.400634288787842,2.262946844100952,2.534322500228882,24.588817596435547
Unprocessed,psquare,17.5,CSIG,42,3.9583687782287598,3.8339169025421143,4.084731578826904,23.770652770996094
Unprocessed,psquare,17.5,CBAK,42,3.0391509532928467,2.93918514251709,3.1383328437805176,25.08086395263672
Unprocessed,psquare,17.5,COVL,42,3.1706197261810303,3.0414023399353027,3.304699420928955,24.7401065826416
