system,noise,snr_db,PESQ,SIG,BAK,OVRL,CSIG,CBAK,COVL,n_files
AIDA2_betaWFB,bus,2.5,1.9009380709557306,3.3114391384482387,3.3711386166543402,2.746334154393481,3.2803543450072032,1.8326901623345753,2.538361673214292,42
AIDA2_betaWFB,bus,7.5,2.456636582932821,3.439701890162628,3.747651460165738,2.9918620677778636,3.8815711199159804,2.253576626249907,3.1466486544518117,41
AIDA2_betaWFB,bus,12.5,2.8254090983693194,3.428999355190654,3.8528669825278747,3.0440112944914826,4.285724663359523,2.5591353805363384,3.551148872009965,41
AIDA2_betaWFB,bus,17.5,3.385192036628723,3.4447973160693137,3.9101124020663702,3.0952123021959825,4.668656166198387,2.944209465718735,4.081364283443793,40
AIDA2_betaWFB,cafe,2.5,1.1755348443984985,2.4078651156195847,1.9499333011020172,1.77694329759459,1.9975963349163257,1.373874115396553,1.4984614577632078,42
AIDA2_betaWFB,cafe,7.5,1.3951475113630294,3.2554859677282324,2.790857477343265,2.4638456992089055,2.5735315950079096,1.6358282459985336,1.9248583214409791,40
AIDA2_betaWFB,cafe,12.5,1.6480133737005838,3.4540970217495994,3.2290565311296016,2.7697289337552387,3.019093144214818,1.8893387713601468,2.2942494681309262,41
AIDA2_betaWFB,cafe,17.5,2.086463573502331,3.4695796522797493,3.5390023642702984,2.942807873964717,3.5313003583773703,2.227341256249558,2.7876200224154,41
AIDA2_betaWFB,living,2.5,1.224047269139971,2.694818148111048,2.191962664641887,1.9785514868144092,2.1251385447685025,1.4009215760853249,1.5885684639341993,42
AIDA2_betaWFB,living,7.5,1.515728888057527,3.3169731739449255,3.1292167659241708,2.6637456160362896,2.594369276014284,1.7122521621947564,2.0048087841602347,42
AIDA2_betaWFB,living,12.5,1.7855643062364488,3.448019914498653,3.377525407181847,2.825094054769739,3.0438931449194646,1.9516832331062626,2.3778542457278165,42
AIDA2_betaWFB,living,17.5,2.340942144393921,3.41672338441629,3.550956548829255,2.8923864306338265,3.537227193289893,2.364759609018953,2.921303792699331,40
AIDA2_betaWFB,office,2.5,2.0060168981552122,3.407605056424773,3.6977159468208542,2.946158775368705,3.3335870523704423,1.9743291067538262,2.640975783173339,40
AIDA2_betaWFB,office,7.5,2.572898542008749,3.354566136531734,3.887048139634878,2.9918872663924847,3.9692252800406123,2.3559890136686277,3.2618876361703704,41
AIDA2_betaWFB,office,12.5,2.9508058513913835,3.4218388009093337,3.9583288285318825,3.094043830311086,4.351426809212283,2.6367641919449714,3.6579615053032315,42
AIDA2_betaWFB,office,17.5,3.3737385621884974,3.4362660493916866,4.025249988882464,3.1408052450633437,4.732955670630158,2.9765834601177485,4.092095004810972,41
AIDA2_betaWFB,psquare,2.5,1.3153897029597585,3.2986516894044344,3.0004147331870925,2.5824779653165795,2.6777739840304364,1.527132385318367,1.9336346588098765,41
AIDA2_betaWFB,psquare,7.5,1.5720639739717757,3.4231265162063513,3.295998432769006,2.7954227214123057,3.0422280697994886,1.7792570583834246,2.2661282059038257,42
AIDA2_betaWFB,psquare,12.5,1.9692352835724993,3.495232706019755,3.6124029913702733,2.9835959686189897,3.5557769063337417,2.0893868491955594,2.7412224136445293,41
AIDA2_betaWFB,psquare,17.5,2.582401658807482,3.4593658964836282,3.6827367552110273,3.0006174146060585,4.042690766045749,2.5153093051019586,3.3037715304680613,42
AIDA2_betauFB,bus,2.5,1.8405201037724812,3.3483609975095825,3.3272692428501975,2.7570273438255932,3.2061755232288194,1.8326406263448471,2.4706925786441536,42
AIDA2_betauFB,bus,7.5,2.3895942263486907,3.4658680132249193,3.7399694995384882,3.0101308414350214,3.8061732823906382,2.2601978086516827,3.0763057812496024,41
AIDA2_betauFB,bus,12.5,2.7669566142849806,3.440965677529398,3.8448174117289002,3.0511197185391903,4.228483252380041,2.5837404432382485,3.494669729040129,41
AIDA2_betauFB,bus,17.5,3.341105705499649,3.4531813517360392,3.906748529316549,3.0997476129397823,4.638602416440175,2.970478576516906,4.037377365164023,40
AIDA2_betauFB,cafe,2.5,1.172793638138544,2.3715760251708966,1.8953637526764213,1.7522881353969761,1.9688695231985647,1.3992040408357862,1.4816004761504562,42
AIDA2_betauFB,cafe,7.5,1.3877375811338424,3.2451947449928467,2.74341859404709,2.44119154587258,2.552522341358297,1.6732169079804229,1.9113300869803858,40
AIDA2_betauFB,cafe,12.5,1.6354110357238025,3.4860631797359507,3.214323560027882,2.7776132356099783,2.9947123874909596,1.9283327104841304,2.2766893097957097,41
AIDA2_betauFB,cafe,17.5,2.0158747463691524,3.481636655602836,3.5176190482950904,2.9420882323652107,3.4823403916727154,2.2355597350378935,2.729164960196404,41
AIDA2_betauFB,living,2.5,1.2247673585301353,2.5326748004160997,2.074426388684373,1.8837284465451116,2.1165976576657224,1.4293757309304969,1.584536696242611,42
AIDA2_betauFB,living,7.5,1.4797512746992565,3.351687755639064,3.1118006878401028,2.6688176974228024,2.564504885607678,1.7343711561888466,1.972741627311143,42
AIDA2_betauFB,living,12.5,1.765843732016427,3.4807669380250426,3.39831252841231,2.8582683111765,3.028719669355513,1.9937326296078062,2.3619401649391247,42
AIDA2_betauFB,living,17.5,2.2951023906469343,3.449988075830911,3.5392024205105868,2.9126838003889146,3.5210584532387394,2.382661623447052,2.892084747303066,40
AIDA2_betauFB,office,2.5,1.9059476733207703,3.436201122680939,3.690722803453325,2.96663599571768,3.2615953834235483,1.9600397095253814,2.5537801902047144,40
AIDA2_betauFB,office,7.5,2.4580090307607882,3.373640100743135,3.9060418850916245,3.016133186560221,3.8939222396730564,2.3472116767113493,3.167358757932813,41
AIDA2_betauFB,office,12.5,2.9164755514689853,3.4239728782755723,3.9686751168359184,3.1013993023443667,4.327065125497914,2.6710425496982717,3.6308988224356784,42
AIDA2_betauFB,office,17.5,3.3445922223533073,3.4472843500555763,4.024024350985581,3.148455642024744,4.717238004025771,3.003761997538867,4.068597854556404,41
AIDA2_betauFB,psquare,2.5,1.3008968335826223,3.3637348005963994,2.9471628925906876,2.5882648828896206,2.6389839752554356,1.5466069054578857,1.9057412263264188,41
AIDA2_betauFB,psquare,7.5,1.5383571641785758,3.4699106550381527,3.283072226918275,2.8120296372144686,2.9889478276178743,1.802515111823516,2.2226863561026056,42
AIDA2_betauFB,psquare,12.5,1.9353056971619769,3.5073974833913737,3.585215872024149,2.983368182889065,3.5182051887168524,2.1191995454535695,2.706528806963858,41
AIDA2_betauFB,psquare,17.5,2.5214396913846335,3.481810629896109,3.6544714533609217,3.007340137934754,3.995746623471735,2.5246403303387215,3.2517107369259306,42
AIDA2_thetaWFB,bus,2.5,1.6711553193273998,3.109754032999586,3.7699612134335365,2.741077192146221,3.061413811566761,1.9108276813347496,2.310525793754128,42
AIDA2_thetaWFB,bus,7.5,2.0198261883200668,3.2594261089411836,3.9279774724397476,2.9337600632535783,3.524798477783043,2.19848319724285,2.744465210359731,41
AIDA2_thetaWFB,bus,12.5,2.185639384316235,3.288322641739413,3.9677198103831524,2.981596782345917,3.8195039987113595,2.3561740987681956,2.9923511029667105,41
AIDA2_thetaWFB,bus,17.5,2.2502932608127595,3.291889628617041,4.000171672454291,3.004917739406578,3.9851106363859357,2.447277821820723,3.120807573442304,40
AIDA2_thetaWFB,cafe,2.5,1.2088454649561928,2.593197561269315,2.8633373618841027,2.0268128552270253,1.9650712671723771,1.5687743806682934,1.4965338643186648,42
AIDA2_thetaWFB,cafe,7.5,1.3725671738386154,2.934075382948009,3.4604635208299173,2.460268987963029,2.5016164774653804,1.785463783744086,1.8746689715206568,40
AIDA2_thetaWFB,cafe,12.5,1.5671687155235103,3.109495057275853,3.692655492483985,2.6926776741114504,2.9146658653962825,1.9711595184202615,2.1989731189814807,41
AIDA2_thetaWFB,cafe,17.5,1.7593591474905246,3.2111742436558472,3.900099985110423,2.884234080239449,3.2552398648918146,2.128026366820043,2.4824753432692845,41
AIDA2_thetaWFB,living,2.5,1.273568902696882,2.877274227512212,3.1317542251530184,2.2887037284986613,2.09381517104501,1.6377194362076273,1.5968344606083409,42
AIDA2_thetaWFB,living,7.5,1.4599433427765256,3.054892115147094,3.5922764565893575,2.597035234526911,2.494005106430284,1.8713446078652796,1.9239374210314233,42
AIDA2_thetaWFB,living,12.5,1.6309705405008226,3.170065368338725,3.7992102964063887,2.7933876066163714,2.8824609911706216,2.009958617309362,2.216563752633524,42
AIDA2_thetaWFB,living,17.5,1.7612631171941757,3.175636010490762,3.8859950881847487,2.840629178674061,3.11533489974922,2.143518584582467,2.4165332497486802,40
AIDA2_thetaWFB,office,2.5,1.7359316229820252,3.1381462209063993,3.8964334881414247,2.809109895982849,3.1037553229185053,2.0500198791363102,2.3904190568095305,40
AIDA2_thetaWFB,office,7.5,2.0733980114867046,3.1753504933603103,3.9830625253268366,2.87991658859576,3.605006142072986,2.2735152459158026,2.825862404065402,41
AIDA2_thetaWFB,office,12.5,2.299169577303387,3.2924540201923236,4.018475997130085,3.0079699626757637,3.8831960334981193,2.4173917608429663,3.090606655260594,42
AIDA2_thetaWFB,office,17.5,2.3153752146697624,3.3106254380111033,4.04788403825865,3.037507001434573,4.042680148030012,2.509519095855793,3.1940037497129916,41
AIDA2_thetaWFB,psquare,2.5,1.3537092615918416,2.937438713667739,3.463388927128324,2.4660211871052287,2.644319335178398,1.7495176397016032,1.9356098892185556,41
AIDA2_thetaWFB,psquare,7.5,1.5720146525473822,3.1491781140022668,3.704961490112668,2.7355201444660557,2.9697398891225646,1.9480541602885122,2.227474253710059,42
AIDA2_thetaWFB,psquare,12.5,1.715540522482337,3.2809086265377525,3.887101352378085,2.9297630210284695,3.331010358015886,2.077136187172409,2.4982975683988453,41
AIDA2_thetaWFB,psquare,17.5,1.9466417460214525,3.3118971156932817,3.9270076106538934,2.980609312822039,3.5614679472781865,2.2611118712491094,2.740855639851227,42
AIDA2_thetauFB,bus,2.5,1.6022192410060339,3.1577860060030862,3.707153856514207,2.7485522857724534,2.888124304547828,1.908097627527226,2.18587744976731,42
AIDA2_thetauFB,bus,7.5,1.9238080077055024,3.269041754347805,3.929704353987415,2.9383262348448436,3.346179772299353,2.1810660901927164,2.6065707189276273,41
AIDA2_thetauFB,bus,12.5,2.0353524452302514,3.306817471579397,3.9651955255627938,2.994321040085468,3.648455017297328,2.3309904402865413,2.83352831076547,41
AIDA2_thetauFB,bus,17.5,2.290014299750328,3.336348366258176,4.003662581256089,3.0438150571420146,3.9277361230148182,2.503427522778749,3.1142600343967164,40
AIDA2_thetauFB,cafe,2.5,1.1794947925068082,2.384275035249478,2.4071165519427105,1.8451373439791965,1.8115782079832674,1.5931337763291342,1.4051663280772868,42
AIDA2_thetauFB,cafe,7.5,1.3316348224878312,2.9501628016129295,3.328718213182725,2.4235578371604856,2.360081168282661,1.8176309031519646,1.7844213342627016,40
AIDA2_thetauFB,cafe,12.5,1.4996521356629162,3.1333537780071774,3.653590966566117,2.699267158829393,2.7621347748491623,1.9803259604959809,2.0898241513991027,41
AIDA2_thetauFB,cafe,17.5,1.6998810768127441,3.2401008685449004,3.9007826131704104,2.912789182754987,3.1519889964953003,2.1386909551654987,2.402884073744208,41
AIDA2_thetauFB,living,2.5,1.2353835105895996,2.87816904535948,3.006508550740653,2.2377611449127537,1.979502144969387,1.673563104113215,1.5204763495986673,42
AIDA2_thetauFB,living,7.5,1.3974198670614333,3.0778906221969313,3.5265272752493906,2.593629784326247,2.369262638893182,1.886697341462776,1.8319828753316536,42
AIDA2_thetauFB,living,12.5,1.5543766021728516,3.1836603894949955,3.7637412386077522,2.791240527999622,2.7573299125159276,2.0212142850592816,2.117976883861983,42
AIDA2_thetauFB,living,17.5,1.7958817690610887,3.249239411115414,3.8790749137593457,2.906870534401399,3.109236395663485,2.1958396886662293,2.432798247180297,40
AIDA2_thetauFB,office,2.5,1.6265601694583893,3.1635129573062946,3.881547958303083,2.818285412379193,2.921564856458954,2.023171755559031,2.241196062531163,40
AIDA2_thetauFB,office,7.5,1.9690966780592756,3.257008895142341,3.9981207776944876,2.954490880430942,3.452531438070836,2.2643831649733985,2.6979109172332203,41
AIDA2_thetauFB,office,12.5,2.3161982411429998,3.310131980048874,4.017102133893815,3.0245523061761594,3.8208844005784734,2.467711533061279,3.0709848814354994,42
AIDA2_thetauFB,office,17.5,2.410580739742372,3.3277743070746104,4.054659951646141,3.0551941657851205,4.055774289855564,2.587778627984904,3.250668262416889,41
AIDA2_thetauFB,psquare,2.5,1.2946314317424124,3.069688921366985,3.373402345845812,2.517653604147387,2.4703177943860752,1.7540814934841928,1.8157055475871289,41
AIDA2_thetauFB,psquare,7.5,1.4758959384191603,3.1726863446371616,3.6369866858354127,2.7206367859945484,2.781657641855163,1.9393876442823346,2.0849325950288593,42
AIDA2_thetauFB,psquare,12.5,1.6368830552915248,3.2946299965745847,3.8918859644343797,2.9453602479866032,3.1885038818213514,2.0860397130417927,2.3888816840453253,41
AIDA2_thetauFB,psquare,17.5,1.917588750521342,3.353136708865727,3.920263272059073,3.0156845371217673,3.496798799289176,2.2815362836867554,2.696091703063612,42
SEM,bus,2.5,1.9013549515179224,3.3091656167785506,3.381222693400722,2.749571720812488,3.275873107611446,1.8328009624128787,2.5360285272594076,42
SEM,bus,7.5,2.4596995144355587,3.4364836798730125,3.755112950806563,2.993261199952485,3.8812374746631684,2.2564019138938542,3.1478755121650477,41
SEM,bus,12.5,2.8233327458544477,3.426246977970289,3.856945494165888,3.043610412779913,4.284151246566295,2.558832232424211,3.5488592333592512,41
SEM,bus,17.5,3.366189444065094,3.4409959731494197,3.9217783337890233,3.0980736159211983,4.667636871260426,2.935418862852708,4.065467695070925,40
SEM,cafe,2.5,1.1765032467387972,2.4032648364505342,1.9496883985770568,1.7763572270740535,1.9981141530442459,1.374552597987667,1.4991020006724558,42
SEM,cafe,7.5,1.3966587632894516,3.2518814042547453,2.798893528168383,2.466216698048956,2.5741028517209856,1.637466207715915,1.9257897442109155,40
SEM,cafe,12.5,1.650536621489176,3.447656174707772,3.2407462872766484,2.7700509340040638,3.021996209878745,1.891423903715907,2.2969151989696703,41
SEM,cafe,17.5,2.087943327136156,3.4590402901852317,3.5558201878471225,2.9430075450306754,3.531660273201768,2.229195187058826,2.7884325995907067,41
SEM,living,2.5,1.224468591667357,2.696815293467425,2.196851947491374,1.9800735192145018,2.1245861316827592,1.4009210912857646,1.588366599321267,42
SEM,living,7.5,1.5182014590217954,3.3165442247423105,3.136595853697862,2.665094005007211,2.597374687545332,1.7142332992508404,2.0073937658885193,42
SEM,living,12.5,1.7865695868219649,3.4476934630863703,3.3870417565249227,2.8290205038252956,3.0440349547691783,1.9525676683445243,2.3782859266014973,42
SEM,living,17.5,2.346336525678635,3.407689191533822,3.568467943423709,2.893881778531514,3.545786272927871,2.3687965803456756,2.9282015474024083,40
SEM,office,2.5,2.0077018082141875,3.4048262245312584,3.704209550203571,2.9465713300482097,3.3332129801946806,1.9770951372145262,2.641611509501262,40
SEM,office,7.5,2.582193979402868,3.353138605258,3.8888181536095514,2.9914611217884146,3.9751523525833536,2.3612290295282263,3.269413342187226,41
SEM,office,12.5,2.956867751621065,3.4215605386655548,3.9591025484094073,3.094429910916224,4.352180665856423,2.6401419857242523,3.661260900884054,42
SEM,office,17.5,3.3734301590337985,3.436268105576613,4.029522147638423,3.1433630584536374,4.732056609449178,2.977222305363878,4.089848446108623,41
SEM,psquare,2.5,1.317152962452028,3.298086234252901,3.002148920540685,2.5824919295490445,2.6783489958232645,1.5283512404523076,1.9347748558659945,41
SEM,psquare,7.5,1.5736264217467535,3.4171365212949705,3.2982345094777745,2.7918394767076533,3.041913245457846,1.7808255940657562,2.2666614223280215,42
SEM,psquare,12.5,1.972677181406719,3.4888518111695053,3.6172147136323227,2.981470515716337,3.5571250447272464,2.091538175021931,2.7435791267367753,41
SEM,psquare,17.5,2.5870986609231856,3.454455699165216,3.698890036082952,3.00541206291728,4.0442272806975925,2.5198091262242652,3.3068572441956445,42
SEM_lit,bus,2.5,1.9984664150646754,3.291800559827413,3.5460270291128624,2.792844777489529,3.330218544385367,1.9688716439134906,2.615238959984248,42
SEM_lit,bus,7.5,2.574346905801354,3.380453136458578,3.8295849396325967,2.9858424385340587,3.9356073536288845,2.3932403610509105,3.2337077390756317,41
SEM_lit,bus,12.5,2.8784088303403155,3.3668311376273934,3.8871818875704482,3.008137020291466,4.297100115353141,2.6540149630843786,3.5840501895407133,41
SEM_lit,bus,17.5,3.287844941020012,3.3756506605196983,3.9142601244645383,3.034529245371808,4.626638151026919,2.9406153644191906,3.9906677020197505,40
SEM_lit,cafe,2.5,1.201144828682854,2.55641975963576,2.2301035292973816,1.9172909856742084,1.9711929697947743,1.4671101314925645,1.4979717323782578,42
SEM_lit,cafe,7.5,1.448320460319519,3.2486714219749615,3.0501457157354865,2.5356677304762343,2.5754592631555093,1.7476116445808576,1.9529563439006143,40
SEM_lit,cafe,12.5,1.7362435561854666,3.3552731063507673,3.3265594933165965,2.7286999748209224,3.0424360793814853,2.0099889743859793,2.35039187824649,41
SEM_lit,cafe,17.5,2.2615631382639814,3.356459178835942,3.591835829778327,2.866125405271109,3.604817080556739,2.356276876580802,2.9122429684587243,41
SEM_lit,living,2.5,1.2791062536693754,2.977771728403049,2.618357800803042,2.232815406544295,2.127714878973433,1.5263202189038074,1.6193072854419237,42
SEM_lit,living,7.5,1.582057529971713,3.250620998397964,3.242425991226546,2.6358564928906922,2.5947175927616075,1.836566333108328,2.039031811550397,42
SEM_lit,living,12.5,1.9112109996023632,3.3378782545425647,3.4914032176712406,2.781911102213026,3.089890027845839,2.099135596102493,2.4643301842968084,42
SEM_lit,living,17.5,2.352213349938393,3.318939462782508,3.6133085655909296,2.832673222181908,3.517764113226515,2.4112632661990547,2.916868016328967,40
SEM_lit,office,2.5,2.135616275668144,3.303083705204435,3.79984035440057,2.905051108689508,3.4001576503237585,2.1136271377735794,2.741397812316774,40
SEM_lit,office,7.5,2.6545504011758942,3.2832405467685257,3.9346511502507004,2.9521179449546024,3.99218354855857,2.476060063547238,3.3152110263506125,41
SEM_lit,office,12.5,2.912894552662259,3.3465042815633472,3.989116097158425,3.041783305611941,4.30417006134508,2.695083650977094,3.6155073089965875,42
SEM_lit,office,17.5,3.356806755065918,3.3680248407365956,4.023826969085147,3.077973887631373,4.709393929214476,3.006819502796046,4.067706803621546,41
SEM_lit,psquare,2.5,1.4136185122699272,3.3049152379562536,3.1801204848222118,2.632338940280913,2.7139931840839893,1.6602925225042102,2.0023937894347825,41
SEM_lit,psquare,7.5,1.6908604531061082,3.364031887137026,3.4279094846206513,2.7825431515743992,3.0925619746802417,1.9221878533783472,2.3516558908137846,42
SEM_lit,psquare,12.5,2.0126673419301104,3.4267475308016984,3.6632795685201804,2.9498758518813837,3.549632056328194,2.178886834340565,2.759948786169609,41
SEM_lit,psquare,17.5,2.669142396677108,3.3866300366906006,3.7157457216702974,2.9494852348370806,4.0690026301027045,2.5955282142749048,3.360337878271626,42
SEM_lit_uFB,bus,2.5,1.8757552419389998,3.3419518953985023,3.5355617950026947,2.8245763772238868,3.211406515584828,1.936189792157478,2.4917442729790915,42
SEM_lit_uFB,bus,7.5,2.40998286154212,3.390804589974921,3.8121256592120263,2.985682168988335,3.7969582521969945,2.350052405811796,3.0819630052238427,41
SEM_lit_uFB,bus,12.5,2.752851387349571,3.397837038510841,3.89637747719051,3.041145126832332,4.190156043892054,2.6435134774693605,3.4684777720655426,41
SEM_lit_uFB,bus,17.5,3.249086266756058,3.404237347239053,3.9233899985080933,3.0639114283828377,4.577869180446761,2.969334905701213,3.9435922444994906,40
SEM_lit_uFB,cafe,2.5,1.180954362664904,2.386904896965906,2.026853161690928,1.8001757388396982,1.9283917054917235,1.4876871565394327,1.4665890197351836,42
SEM_lit_uFB,cafe,7.5,1.414864781498909,3.211391903163507,2.946079484183247,2.4884770441363706,2.5186788244815768,1.778095863269123,1.9084691196246468,40
SEM_lit_uFB,cafe,12.5,1.6927498637176142,3.3898542794564506,3.3243031797286484,2.7554459933726916,2.9822383894759827,2.0328056812706263,2.2994976747097153,41
SEM_lit_uFB,cafe,17.5,2.070760511770481,3.3683218771151013,3.608174220994555,2.8921116698374267,3.4529698708078196,2.3110139021535594,2.742137302488421,41
SEM_lit_uFB,living,2.5,1.2466843781017123,2.812173749897666,2.4440874707276024,2.1111253005058535,2.0922160823965816,1.544954796445447,1.5844252542398143,42
SEM_lit_uFB,living,7.5,1.5307670661381312,3.291835852806606,3.237878468183006,2.664095534506101,2.5360333008338984,1.8514703525455087,1.984846512050108,42
SEM_lit_uFB,living,12.5,1.8079443573951721,3.375074123061116,3.5107695617782393,2.8241118907799536,2.9971649721631466,2.098960119382945,2.3677094621022623,42
SEM_lit_uFB,living,17.5,2.2752346098423004,3.3617424600884562,3.6180965424869536,2.8746387710848604,3.4446697807103392,2.4180337141933217,2.843899298935096,40
SEM_lit_uFB,office,2.5,1.9837903380393982,3.380572643239044,3.812525970741068,2.975240685168002,3.2756610610063377,2.0688907979933018,2.6002714839209005,40
SEM_lit_uFB,office,7.5,2.468893734420218,3.3560891646326785,3.9534038106216096,3.025027085996859,3.8485885198526004,2.427854808969335,3.1502797405193483,41
SEM_lit_uFB,office,12.5,2.817401897339594,3.381686882950764,4.001547721199663,3.079355725329305,4.213835629182534,2.6950821469613526,3.5242758006719144,42
SEM_lit_uFB,office,17.5,3.220693466140003,3.3946797300365277,4.035734273615617,3.1056367759338714,4.613490777189216,2.985153832957782,3.9447808959195516,41
SEM_lit_uFB,psquare,2.5,1.344471160958453,3.354813838900458,3.125868595281289,2.6399329792516073,2.6435980716308283,1.6550364207088484,1.9305594436659939,41
SEM_lit_uFB,psquare,7.5,1.5970596387272789,3.4123313479613557,3.400184836318631,2.8077109586519513,2.991063862545721,1.9144492460175018,2.253412117073369,42
SEM_lit_uFB,psquare,12.5,1.9469550266498472,3.433203520016206,3.6657617430538987,2.9597336641918,3.4764964689169444,2.1955183653873918,2.6914555365363193,41
SEM_lit_uFB,psquare,17.5,2.5213716682933627,3.415987328451218,3.715767272490988,2.977772679486211,3.944228056949909,2.567265262604836,3.2259150731792294,42
SEM_uFB,bus,2.5,1.837555380094619,3.345734723373939,3.330465627738438,2.757444339249925,3.190493974102482,1.8311325144999462,2.461023756947818,42
SEM_uFB,bus,7.5,2.3875286782660137,3.4621283960524067,3.741858153163849,3.007857919273173,3.795811688176778,2.2603156280589762,3.069931235755688,41
SEM_uFB,bus,12.5,2.762152686351683,3.4397477766000963,3.847194163112223,3.0515718045260805,4.219429733335861,2.582329629595294,3.4875991535957978,41
SEM_uFB,bus,17.5,3.3391342759132385,3.4513413206811188,3.911408394576244,3.100650069955971,4.63646034075776,2.96936713953525,4.0324658574343895,40
SEM_uFB,cafe,2.5,1.1733034593718392,2.363850310465941,1.8894290585311158,1.7468828124191969,1.963597439902814,1.3997695917440578,1.4791671065616392,42
SEM_uFB,cafe,7.5,1.3889135986566543,3.24256675758281,2.7546909987006893,2.44535708701424,2.547522467789812,1.6749524675892684,1.9093057661213773,40
SEM_uFB,cafe,12.5,1.636563827351826,3.4802869631811886,3.2189382495510372,2.7762729977284435,2.9933886915608503,1.9296137575710166,2.276497660629402,41
SEM_uFB,cafe,17.5,2.0125921644815583,3.4783548709280483,3.522897338307573,2.9428451030720804,3.475963205996219,2.234202174201043,2.724173246645336,41
SEM_uFB,living,2.5,1.2259010615802945,2.5350889356360335,2.0758900098317525,1.884648447417085,2.1117945835726926,1.4298925974461394,1.5825939464004979,42
SEM_uFB,living,7.5,1.4838210968744188,3.352491876976715,3.120916807021151,2.6731313600722673,2.560074426056883,1.7373237125909762,1.972392621464432,42
SEM_uFB,living,12.5,1.7658590447335016,3.478032134428265,3.4020765110257853,2.8584031528803657,3.021287302310109,1.9942551745550805,2.358120760311975,42
SEM_uFB,living,17.5,2.3003396332263946,3.4457220163931184,3.552100312450065,2.9148907205403876,3.5242621813059642,2.3852061562530986,2.8961716345198796,40
SEM_uFB,office,2.5,1.922507318854332,3.434824525950647,3.694121648730016,2.967447416704432,3.2663735803242924,1.9708093116560998,2.5644416412020172,40
SEM_uFB,office,7.5,2.465478027739176,3.372334498908987,3.909652043644112,3.0165572357387167,3.8947010057270623,2.352560323569088,3.1714050685305906,41
SEM_uFB,office,12.5,2.9116172733761014,3.4234176615578784,3.9702017173320234,3.1018376992693613,4.315266604934903,2.6694412471804503,3.6224719052359187,42
SEM_uFB,office,17.5,3.3561831160289484,3.445505789978421,4.024327102114663,3.1470608788104024,4.721040601312317,3.0097644240644215,4.075946168382515,41
SEM_uFB,psquare,2.5,1.301320971512213,3.363089763091803,2.9501673724201987,2.5889603209544534,2.6341446369492063,1.5470159418006528,1.9034469878477394,41
SEM_uFB,psquare,7.5,1.5401506026585896,3.464879123198239,3.284651562957384,2.8086391018864547,2.9821470839396382,1.8047541937803977,2.220097521366173,42
SEM_uFB,psquare,12.5,1.9356431263249094,3.5011220712791324,3.5863985322749534,2.97958940951261,3.5127217074508965,2.119902510536411,2.703875287989123,41
SEM_uFB,psquare,17.5,2.5248991478057135,3.4766097552004815,3.657847929139628,3.0049157010169836,3.9922583238679823,2.5265507037129837,3.2515859134428817,42
Unprocessed,bus,2.5,1.7624042403130304,3.328747766096557,3.0797963966323825,2.642063828139703,3.2123158263181573,1.9729248525908534,2.4354182837798426,42
Unprocessed,bus,7.5,2.2739777128870893,3.5102465098875837,3.5164778155352687,2.948876595998372,3.796601413317507,2.508147478979224,3.0143635519309684,41
Unprocessed,bus,12.5,2.685548599173383,3.5101244048358478,3.6760248349477314,3.024540577715681,4.227873109790656,2.9741757879285133,3.4549551199330093,41
Unprocessed,bus,17.5,3.2278674960136415,3.5046081547999117,3.7921335820200293,3.087591631129835,4.615702831166955,3.53505156079026,3.975280863533725,40
Unprocessed,cafe,2.5,1.1472910131726946,2.202035550418239,1.6354278680028307,1.5829066437459387,1.9492557205518026,1.5578026303586119,1.4604533778190434,42
Unprocessed,cafe,7.5,1.330308848619461,3.088669078586055,2.275910329073604,2.182972239953851,2.516830171638965,1.9336313759234494,1.8654703545157136,40
Unprocessed,cafe,12.5,1.5337744893097296,3.5317302191995505,2.9126110405059498,2.6584705386350347,2.9445916101407317,2.276480377924766,2.201252264760808,41
Unprocessed,cafe,17.5,1.9442702211984775,3.5887961184920836,3.3102813887448743,2.9163258208835794,3.4534447894343576,2.8075491992298045,2.679316380794108,41
Unprocessed,living,2.5,1.1777463668868655,2.387404324104201,1.8099075243962426,1.7134187215421677,2.097138174445016,1.560599505722872,1.5522033959326493,42
Unprocessed,living,7.5,1.403913954893748,3.3075200171885566,2.7465196727428554,2.5048473300185896,2.539877722410902,1.9456326358120752,1.9231362416606754,42
Unprocessed,living,12.5,1.6558353106180828,3.401501236729508,3.0029106260575666,2.664829714199377,2.980966481955619,2.307925064632328,2.283555222753382,42
Unprocessed,living,17.5,2.2256320387125017,3.5272073028859836,3.36272219765634,2.8866960976714493,3.490412176932351,2.8895185970216524,2.842530829132551,40
Unprocessed,office,2.5,1.7703110307455063,3.4616289793687827,3.430581788790145,2.8674304537719575,3.196203035135402,2.0716468379393187,2.452777885570115,40
Unprocessed,office,7.5,2.3270250587928585,3.453569731837255,3.6867601210866945,2.9740034815286633,3.829773287306187,2.5931468550906347,3.0697711492245165,41
Unprocessed,office,12.5,2.763767449628739,3.4649332580930547,3.863894306188693,3.086153848868077,4.258268459106453,3.0594601705579474,3.5205201246020756,42
Unprocessed,office,17.5,3.2018101418890605,3.455454227457309,3.9753093503408095,3.1366069650212594,4.671979176430176,3.5676504904797883,3.97372772027351,41
Unprocessed,psquare,2.5,1.2400652548161948,3.184130540357477,2.458940277718345,2.2953662332029006,2.6232107797448854,1.690699392757138,1.8680106181988565,41
Unprocessed,psquare,7.5,1.4573716833477928,3.47976108356732,2.900914135998299,2.6404279112796494,2.9770337977298467,2.058408904128834,2.176656891518254,42
Unprocessed,psquare,12.5,1.8349510227761618,3.5482056396505977,3.297226198363908,2.8837810732580347,3.4824935261337697,2.5044043260060453,2.6387044150087102,41
Unprocessed,psquare,17.5,2.3907849221002486,3.5609303459977855,3.496589120714169,2.9912176476122116,3.954281575853448,3.0443235248002605,3.16612154447841,42
