BAK,snr_db,PESQ,SIG,filename,OVRL,processing_timestamp,noise_type
3.7160769854686886,17.5,2.7126283645629883,3.3821457181203476,p257_001.wav,2.958510233672275,2025-12-03T12:07:35.765,bus
3.6993811331656694,12.5,2.4228460788726807,3.3745290965948675,p257_002.wav,2.944887717934808,2025-12-03T12:07:36.078,bus
2.664902204687268,7.5,1.7149710655212402,3.6480278618770097,p257_003.wav,2.616708235835125,2025-12-03T12:07:36.399,bus
3.199839066919687,2.5,1.6315703392028809,3.4640056094890683,p257_004.wav,2.7284477972776733,2025-12-03T12:07:37.126,bus
3.4075921992095304,17.5,2.2113945484161377,3.517448871356167,p257_006.wav,2.8922419286220866,2025-12-03T12:07:38.302,cafe
2.101558350517511,12.5,1.3774523735046387,3.368638279500109,p257_007.wav,2.134027610983235,2025-12-03T12:07:39.217,cafe
2.125086438415017,7.5,1.2433618307113647,3.4800926572837625,p257_008.wav,2.246857172802641,2025-12-03T12:07:39.737,cafe
1.1336468430887439,2.5,1.0815154314041138,1.1895136135284672,p257_009.wav,1.1022536456664782,2025-12-03T12:07:40.693,cafe
3.6215605983395536,17.5,2.4992825984954834,3.532153997041017,p257_010.wav,3.035361166806459,2025-12-03T12:07:40.984,living
4.0639150740973315,12.5,2.615462064743042,3.524960007060232,p257_011.wav,3.238178371352284,2025-12-03T12:07:41.391,living
3.6342066594341804,7.5,1.5538151264190674,3.759597832310945,p257_012.wav,3.1984079196045516,2025-12-03T12:07:43.226,living
1.5308497471014526,2.5,1.111824870109558,2.499073148009742,p257_013.wav,1.5129178769589757,2025-12-03T12:07:44.515,living
3.9079185320253353,17.5,3.302428722381592,3.614264441478158,p257_014.wav,3.2579296251580074,2025-12-03T12:07:46.506,office
4.0549525998251,12.5,3.40028715133667,3.640917445089603,p257_015.wav,3.3563087460435117,2025-12-03T12:07:46.891,office
4.01990618419889,7.5,2.3064327239990234,3.495989655190075,p257_016.wav,3.173813571502566,2025-12-03T12:07:47.424,office
3.5511080269176967,2.5,1.2466461658477783,3.3676974804907553,p257_017.wav,2.8874374818270905,2025-12-03T12:07:48.329,office
3.8122655819680804,17.5,2.7307679653167725,3.5807102701632405,p257_018.wav,3.179197753663456,2025-12-03T12:07:50.83,psquare
3.406885094682571,12.5,1.9493324756622314,3.585483363556382,p257_019.wav,2.9871466691266515,2025-12-03T12:07:51.639,psquare
2.8746619157275637,7.5,1.3211705684661865,3.5676522692569055,p257_020.wav,2.6383065784255195,2025-12-03T12:07:52.999,psquare
3.2917495555874146,2.5,1.3542181253433228,3.716201641473841,p257_022.wav,3.026708594217168,2025-12-03T12:07:53.386,psquare
3.7428679779497145,17.5,3.1126742362976074,3.5763392886922776,p257_023.wav,3.1439143464822776,2025-12-03T12:07:56.065,bus
3.912195560829164,12.5,3.407249689102173,3.7469241008069054,p257_024.wav,3.3488908044365857,2025-12-03T12:07:56.452,bus
3.6416948416131545,7.5,2.626598834991455,3.432212869718044,p257_025.wav,2.9783786693718812,2025-12-03T12:07:56.842,bus
3.696213247228026,2.5,1.4831631183624268,3.369830824325245,p257_026.wav,2.892088600897607,2025-12-03T12:07:58.84,bus
3.185796412934211,17.5,1.3511688709259033,3.549684849835213,p257_027.wav,2.8450064387119105,2025-12-03T12:07:59.888,cafe
2.7718711017042104,12.5,1.569170355796814,3.3595935376753445,p257_028.wav,2.505810173914619,2025-12-03T12:08:01.754,cafe
2.585327793739084,7.5,1.1429497003555298,3.6652238934893875,p257_029.wav,2.568782649159012,2025-12-03T12:08:04.127,cafe
3.066391149743364,2.5,1.1645448207855225,3.5866047659444726,p257_030.wav,2.8032191906147075,2025-12-03T12:08:04.941,cafe
2.789015585609714,17.5,2.1757125854492188,3.221398781516951,p257_031.wav,2.395622212181124,2025-12-03T12:08:05.326,living
3.29773542315059,12.5,1.8213056325912476,3.709461103357153,p257_032.wav,2.955411739768534,2025-12-03T12:08:06.351,living
2.295705865836579,7.5,1.1685715913772583,2.8388160401632305,p257_033.wav,2.0727077904478555,2025-12-03T12:08:08.224,living
1.5052372264263123,2.5,1.2377210855484009,2.1151830887048515,p257_034.wav,1.4743714127432785,2025-12-03T12:08:10.285,living
3.986790581203949,17.5,3.2048473358154297,3.4619546620444446,p257_035.wav,3.14113666348055,2025-12-03T12:08:11.667,office
3.7119026127036205,12.5,1.465663194656372,3.1361962293159507,p257_036.wav,2.730634525149413,2025-12-03T12:08:13.381,office
3.600213869701511,7.5,1.7341588735580444,3.3481209796950733,p257_037.wav,2.8469194788537475,2025-12-03T12:08:14.069,office
3.338447038674153,2.5,2.1001596450805664,3.6074579383479395,p257_038.wav,2.9282581298483645,2025-12-03T12:08:15.82,office
3.841037316947901,17.5,2.5916552543640137,3.5810965244163655,p257_039.wav,3.201614827175067,2025-12-03T12:08:16.333,psquare
3.244341738167615,12.5,1.5983332395553589,3.675079768206244,p257_040.wav,2.940811774612575,2025-12-03T12:08:16.854,psquare
3.4826104742311874,7.5,1.1257587671279907,3.5673406782124593,p257_041.wav,2.9744191380014273,2025-12-03T12:08:18.82,psquare
2.8587923919677722,2.5,1.042665719985962,3.39842231232993,p257_042.wav,2.52900813558566,2025-12-03T12:08:20.84,psquare
3.2269152735258695,17.5,1.7411367893218994,3.6194472189891456,p257_043.wav,2.900033232669046,2025-12-03T12:08:23.206,bus
3.5391614485059923,12.5,2.704338550567627,3.4473278544459185,p257_044.wav,2.90015131926729,2025-12-03T12:08:25.108,bus
3.4340743664867706,7.5,1.8036497831344604,2.9541106632399723,p257_045.wav,2.567075338435452,2025-12-03T12:08:26.769,bus
3.861946982836592,2.5,2.584958791732788,3.136626403289029,p257_046.wav,2.776238248291343,2025-12-03T12:08:27.783,bus
3.354014826249079,17.5,1.2865527868270874,3.7555986317280654,p257_047.wav,3.078126174852352,2025-12-03T12:08:28.191,cafe
3.276651496334313,12.5,1.4760634899139404,3.4792282704642945,p257_048.wav,2.813931434083494,2025-12-03T12:08:29.57,cafe
2.6239003147102267,7.5,1.2274682521820068,3.3264994444231655,p257_049.wav,2.3551908978092855,2025-12-03T12:08:30.783,cafe
1.4459762841903994,2.5,1.0324281454086304,1.9217836375035897,p257_050.wav,1.311002801831951,2025-12-03T12:08:32.802,cafe
3.8280748113175043,17.5,2.465649366378784,3.648310414435266,p257_051.wav,3.24047913963376,2025-12-03T12:08:33.611,living
2.7784791197238308,12.5,2.1432368755340576,3.3783981398933585,p257_052.wav,2.43810915270086,2025-12-03T12:08:36.14,living
2.3655151386174293,7.5,1.0737940073013306,2.689146559706528,p257_053.wav,2.078803498979052,2025-12-03T12:08:36.568,living
1.5533994726802054,2.5,1.0788323879241943,2.0288679668123866,p257_054.wav,1.4083467020596774,2025-12-03T12:08:39.113,living
3.923729988212111,17.5,3.445035696029663,3.3360323763613735,p257_055.wav,2.997066143219546,2025-12-03T12:08:39.476,office
3.6509335755095482,12.5,2.6559035778045654,3.3294884578512,p257_056.wav,2.8671373458808147,2025-12-03T12:08:40.374,office
3.900190165010559,7.5,2.217783212661743,3.3809945229962013,p257_057.wav,3.042147042045265,2025-12-03T12:08:41.041,office
3.488131793526934,2.5,1.237548828125,3.654446167907894,p257_058.wav,3.0149338032410373,2025-12-03T12:08:43.085,office
3.488003117729137,17.5,2.2784783840179443,3.563941402333242,p257_059.wav,2.974043534987824,2025-12-03T12:08:44.803,psquare
3.355112335815347,12.5,1.6473287343978882,3.643644396234001,p257_060.wav,2.998499069227422,2025-12-03T12:08:46.332,psquare
1.2338873764819522,7.5,1.2202496528625488,1.7479425154809827,p257_061.wav,1.3517396076446684,2025-12-03T12:08:48.699,psquare
2.674591254922439,2.5,1.1725661754608154,3.6308243193933833,p257_062.wav,2.6175968680712693,2025-12-03T12:08:49.072,psquare
3.628863076906677,17.5,2.0144174098968506,3.538282095512436,p257_063.wav,3.0465808264142837,2025-12-03T12:08:51.627,bus
3.3280311987025946,12.5,1.30442214012146,3.3705603015207237,p257_064.wav,2.7565357557292396,2025-12-03T12:08:54.032,bus
3.3329534097144555,7.5,1.642728328704834,3.5528220284810597,p257_065.wav,2.860864578976012,2025-12-03T12:08:54.417,bus
3.2754675523440535,2.5,1.3622889518737793,3.5904215159637953,p257_066.wav,2.8604412869829186,2025-12-03T12:08:54.786,bus
2.9596964694897823,17.5,1.1045715808868408,3.449889382683247,p257_067.wav,2.6447683064979186,2025-12-03T12:08:56.648,cafe
3.8783035048406607,12.5,1.7029727697372437,3.5530182168907625,p257_068.wav,3.176317234493992,2025-12-03T12:08:59.119,cafe
1.8451035302745853,7.5,1.1570128202438354,3.143960308412432,p257_069.wav,1.8432088261059913,2025-12-03T12:08:59.924,cafe
1.208358197237786,2.5,1.0846834182739258,1.3945857134359396,p257_070.wav,1.1679713172294097,2025-12-03T12:09:00.317,cafe
3.424254903619679,17.5,2.2033298015594482,3.3750906432539027,p257_071.wav,2.8405849471522906,2025-12-03T12:09:02.024,living
3.4183639871537905,12.5,1.5010907649993896,3.7249728735884724,p257_072.wav,3.0818265435729173,2025-12-03T12:09:03.894,living
2.980766989491497,7.5,1.306532621383667,3.556098533889938,p257_073.wav,2.721584752193757,2025-12-03T12:09:04.245,living
1.3085134385860662,2.5,1.2179055213928223,1.4085040404283895,p257_074.wav,1.1521484344652886,2025-12-03T12:09:05.781,living
3.9920744569270634,17.5,3.32950496673584,3.362850445697541,p257_075.wav,3.035636935203312,2025-12-03T12:09:07.798,office
4.026395539637564,12.5,2.554647207260132,3.477135584089178,p257_076.wav,3.143743803215993,2025-12-03T12:09:09.169,office
3.7759146010310336,7.5,1.9422218799591064,3.5241694570884263,p257_077.wav,3.071404185568931,2025-12-03T12:09:11.69,office
3.5245776479718782,2.5,1.1812286376953125,3.4667883711788767,p257_078.wav,2.902593703008055,2025-12-03T12:09:12.739,office
3.8727756444740105,17.5,1.9481772184371948,3.7358213183609976,p257_079.wav,3.3590459424599883,2025-12-03T12:09:13.448,psquare
3.241213178364596,12.5,1.3463314771652222,3.5564155719158346,p257_080.wav,2.815406186920328,2025-12-03T12:09:14.829,psquare
1.3080105467773289,7.5,1.154062271118164,1.2694879981584606,p257_081.wav,1.1199529023003647,2025-12-03T12:09:17.007,psquare
2.9025240519999436,2.5,1.1507058143615723,3.6401918649330596,p257_082.wav,2.7048992069289737,2025-12-03T12:09:17.722,psquare
3.7338511730863777,17.5,4.080838203430176,3.2632363776524067,p257_083.wav,2.89212931140015,2025-12-03T12:09:20.431,bus
4.0282409198875335,12.5,2.589031934738159,3.7590214347511206,p257_084.wav,3.44776812551616,2025-12-03T12:09:21.145,bus
3.7655725964607676,7.5,1.4016481637954712,3.688703806572958,p257_085.wav,3.20887508357135,2025-12-03T12:09:21.511,bus
3.521428299148003,2.5,1.3535630702972412,3.1498443401624185,p257_086.wav,2.592717130734424,2025-12-03T12:09:22.562,bus
2.780198701558073,17.5,1.6803072690963745,3.526107884406883,p257_087.wav,2.598518710729012,2025-12-03T12:09:22.935,cafe
2.883729394388199,12.5,1.4133559465408325,3.6284605308323923,p257_088.wav,2.6914536704579404,2025-12-03T12:09:24.555,cafe
2.7464397604723034,7.5,1.230723261833191,3.5975846390560395,p257_089.wav,2.611541521855993,2025-12-03T12:09:25.306,cafe
1.2094144515338499,2.5,1.0506668090820312,1.4690581351546126,p257_090.wav,1.1686043011185372,2025-12-03T12:09:27.351,cafe
3.596754804755627,17.5,1.6215442419052124,3.5048489003054093,p257_091.wav,2.99594379887024,2025-12-03T12:09:29.416,living
3.1156639444372134,12.5,1.5015957355499268,3.4553168987698344,p257_092.wav,2.6936524220672724,2025-12-03T12:09:30.137,living
2.502332600157192,7.5,1.1403838396072388,3.420567554278291,p257_093.wav,2.3901543639008738,2025-12-03T12:09:31.641,living
1.3412378825743858,2.5,1.0532522201538086,1.8849483086970988,p257_094.wav,1.3660509942593981,2025-12-03T12:09:32.018,living
4.124042223455947,17.5,3.6018104553222656,3.6283047345771275,p257_095.wav,3.3593519866351302,2025-12-03T12:09:33.544,office
4.111723416168186,12.5,2.6451375484466553,3.580591919716519,p257_096.wav,3.3238116322730504,2025-12-03T12:09:33.913,office
3.8644125375542515,7.5,2.263862371444702,3.3942048819264765,p257_097.wav,3.0082237521140374,2025-12-03T12:09:34.282,office
3.3799674342273747,2.5,1.1309226751327515,3.3983528837638466,p257_098.wav,2.7944581666701045,2025-12-03T12:09:36.867,office
3.826110762138903,17.5,2.6284165382385254,3.655026204358128,p257_099.wav,3.2724905456584925,2025-12-03T12:09:37.238,psquare
3.171926006593012,12.5,1.2615717649459839,3.424830050346072,p257_100.wav,2.7364453880989785,2025-12-03T12:09:37.95,psquare
3.2019453092541026,7.5,1.2772146463394165,3.631444010278596,p257_101.wav,2.8803387394330415,2025-12-03T12:09:40.574,psquare
2.322750194948783,2.5,1.105111002922058,3.313452655192414,p257_102.wav,2.2286200594383327,2025-12-03T12:09:40.946,psquare
3.293169016002033,17.5,2.8265035152435303,3.476368490203947,p257_103.wav,2.802582772868423,2025-12-03T12:09:43.201,bus
4.115052661140512,12.5,2.925954818725586,3.630596227009981,p257_104.wav,3.3140100185228176,2025-12-03T12:09:45.687,bus
3.62340370069945,7.5,1.5376708507537842,3.1696450206806546,p257_105.wav,2.6944963364858623,2025-12-03T12:09:47.695,bus
3.3159726542498844,2.5,1.4452297687530518,3.5255170323192093,p257_106.wav,2.9044630619681446,2025-12-03T12:09:48.057,bus
3.155612088870214,17.5,1.8449175357818604,3.514762204714088,p257_107.wav,2.812199715755389,2025-12-03T12:09:50.1,cafe
3.1046742913612846,12.5,1.0908806324005127,3.382715495218964,p257_108.wav,2.6503773639897714,2025-12-03T12:09:52.728,cafe
1.8920333149384112,7.5,1.385053038597107,2.6136593673531316,p257_109.wav,1.8311700454218898,2025-12-03T12:09:55.735,cafe
1.1695108780859116,2.5,1.0383583307266235,1.2166128617463527,p257_110.wav,1.0999470965628666,2025-12-03T12:09:56.862,cafe
3.336866697832929,17.5,1.7364377975463867,3.638941725972416,p257_111.wav,2.9850811777103394,2025-12-03T12:09:57.387,living
3.407428722534933,12.5,1.4934924840927124,3.670829475122987,p257_112.wav,3.023289312916323,2025-12-03T12:10:00.637,living
2.728123079695667,7.5,1.2160645723342896,3.2064951039369465,p257_113.wav,2.4319259530737987,2025-12-03T12:10:02.957,living
1.213602555347941,2.5,1.0569878816604614,1.3709452877004444,p257_114.wav,1.1526110997850685,2025-12-03T12:10:04.811,living
3.8841193303502473,17.5,3.0747528076171875,3.235283108828053,p257_115.wav,2.8981762711238046,2025-12-03T12:10:08.846,office
4.088687929636138,12.5,1.7597134113311768,3.583990342150901,p257_116.wav,3.3053451891028107,2025-12-03T12:10:10.68,office
3.6109767509651554,7.5,1.9354217052459717,3.6207510816941797,p257_117.wav,3.084073247891575,2025-12-03T12:10:13.061,office
3.4552299712711103,2.5,1.6660065650939941,3.508427490656389,p257_118.wav,2.9208978891829034,2025-12-03T12:10:14.909,office
3.788946666761069,17.5,2.6478469371795654,3.334805672120732,p257_119.wav,2.953514196117778,2025-12-03T12:10:17.148,psquare
2.8002645864801354,12.5,1.0971333980560303,3.560812118459398,p257_120.wav,2.6682611799888223,2025-12-03T12:10:17.862,psquare
2.987133945634336,7.5,1.302248477935791,3.4967485032246297,p257_121.wav,2.7160298987679283,2025-12-03T12:10:19.593,psquare
2.526928549969612,2.5,1.0906378030776978,3.413955423514297,p257_122.wav,2.3915871081972844,2025-12-03T12:10:20.346,psquare
3.8548887405774157,17.5,3.7147607803344727,3.3000256822545664,p257_123.wav,2.945279913075803,2025-12-03T12:10:23.403,bus
3.6869123132139956,12.5,2.310626745223999,3.4585490418831455,p257_124.wav,2.9919366747808946,2025-12-03T12:10:25.283,bus
3.4357993917965444,7.5,1.2431519031524658,3.3090365767891488,p257_125.wav,2.712136994215447,2025-12-03T12:10:27.416,bus
3.539561241758924,2.5,1.3118646144866943,3.628026316662364,p257_126.wav,3.049246035160991,2025-12-03T12:10:27.992,bus
3.266672154404628,17.5,2.213888645172119,3.6536332206394646,p257_127.wav,2.9628680028992194,2025-12-03T12:10:29.322,cafe
3.165229387680904,12.5,1.656337857246399,3.6527450080857893,p257_128.wav,2.821778476126089,2025-12-03T12:10:29.92,cafe
1.269193657174769,7.5,1.152171015739441,1.6369317531718532,p257_129.wav,1.2527677588563173,2025-12-03T12:10:30.401,cafe
1.4887914179429795,2.5,1.0914067029953003,2.201076227599177,p257_130.wav,1.4442799673049596,2025-12-03T12:10:32.143,cafe
3.1251153071932856,17.5,2.359856367111206,3.4772943043241256,p257_131.wav,2.746647392941204,2025-12-03T12:10:33.647,living
3.5795930981459363,12.5,1.223352313041687,3.511475040859579,p257_132.wav,3.0035417516741187,2025-12-03T12:10:35.71,living
2.278083407843187,7.5,1.2145413160324097,3.397619364637167,p257_133.wav,2.321805966012193,2025-12-03T12:10:36.563,living
2.322701172150978,2.5,1.1540837287902832,3.5337221947155744,p257_135.wav,2.4065139391521657,2025-12-03T12:10:38.224,living
4.113704714835314,17.5,3.594381809234619,3.557812312462267,p257_136.wav,3.285542506073289,2025-12-03T12:10:41.328,office
3.861938075925844,12.5,2.261370897293091,3.5428127393997517,p257_137.wav,3.137910471063085,2025-12-03T12:10:43.722,office
3.881998568469431,7.5,1.3336492776870728,3.5031515471792445,p257_138.wav,3.099628701139714,2025-12-03T12:10:46.021,office
3.4240634534473857,2.5,1.2349538803100586,3.5246045226073157,p257_139.wav,2.9234089707229756,2025-12-03T12:10:47.736,office
3.366173723390089,17.5,1.6961443424224854,3.2853201721992797,p257_140.wav,2.6795432936407564,2025-12-03T12:10:51.658,psquare
3.369111999322866,12.5,1.4742169380187988,3.648855877934015,p257_141.wav,2.9756405514927975,2025-12-03T12:10:54.591,psquare
2.8673267333590635,7.5,1.1829818487167358,3.5955984307909503,p257_142.wav,2.6804037247840022,2025-12-03T12:10:56.762,psquare
1.0521200709072847,2.5,1.0694315433502197,1.1659682726815308,p257_143.wav,1.0782235262273956,2025-12-03T12:10:57.206,psquare
3.6852831549141256,17.5,3.581516981124878,3.378899898320843,p257_144.wav,2.9606438678256772,2025-12-03T12:10:58.181,bus
3.6502028524165757,12.5,2.3788886070251465,3.5794855286420333,p257_145.wav,3.075625402401119,2025-12-03T12:10:59.614,bus
2.9905377508113813,7.5,1.1378694772720337,2.935874652368491,p257_146.wav,2.265452569790002,2025-12-03T12:11:02.755,bus
3.1485946401647866,2.5,1.4408124685287476,3.3820894180397922,p257_147.wav,2.660636375668387,2025-12-03T12:11:03.853,bus
3.7205792624943905,17.5,2.591118574142456,3.6182877086447065,p257_148.wav,3.182524363727781,2025-12-03T12:11:06.314,cafe
2.8587286989445335,12.5,1.1014859676361084,3.4914066154686583,p257_149.wav,2.5982021005967377,2025-12-03T12:11:06.696,cafe
1.2865190554835546,7.5,1.0695374011993408,1.6814641121361902,p257_150.wav,1.24061450130643,2025-12-03T12:11:09.851,cafe
1.1191532028312736,2.5,1.0362255573272705,1.196855432247069,p257_151.wav,1.0833015543450986,2025-12-03T12:11:10.407,cafe
3.407618431706299,17.5,2.4643568992614746,3.4598619610601644,p257_152.wav,2.8319952305193064,2025-12-03T12:11:11.629,living
3.1328111045174127,12.5,1.400909662246704,3.5846952864747648,p257_153.wav,2.850272936189693,2025-12-03T12:11:14.398,living
1.2389507957367747,7.5,1.1137354373931885,1.6529372621696825,p257_154.wav,1.291033913119741,2025-12-03T12:11:16.418,living
2.4466513245060333,2.5,1.1058107614517212,3.269479152491249,p257_155.wav,2.3265120867926514,2025-12-03T12:11:20.752,living
4.029763108459518,17.5,2.285090684890747,3.5276193390457924,p257_156.wav,3.2064086140493724,2025-12-03T12:11:21.34,office
4.029941470986832,12.5,2.959916830062866,3.6710624187302074,p257_157.wav,3.3539358477674384,2025-12-03T12:11:23.178,office
3.6207293432148937,7.5,2.3173346519470215,3.087222875156373,p257_158.wav,2.5971040655154307,2025-12-03T12:11:24.341,office
3.5072607416500903,2.5,1.4748700857162476,3.3499701577961374,p257_159.wav,2.792152641576666,2025-12-03T12:11:27.392,office
3.637946907232277,17.5,1.3039844036102295,3.641907360097967,p257_160.wav,3.1270292195838882,2025-12-03T12:11:27.993,psquare
3.6410599176365404,12.5,1.3992483615875244,3.354366554540838,p257_161.wav,2.9007707445252113,2025-12-03T12:11:31.26,psquare
2.8155175870846594,7.5,1.190640926361084,3.5341318453890653,p257_162.wav,2.6295364660328477,2025-12-03T12:11:32.325,psquare
2.236023755944332,2.5,1.133879542350769,3.0012236082914363,p257_163.wav,2.138108407545906,2025-12-03T12:11:35.233,psquare
4.008665440341632,17.5,3.3462657928466797,3.5687817457805737,p257_164.wav,3.241920305029643,2025-12-03T12:11:36.836,bus
3.910653917793995,12.5,3.049582004547119,3.3183870880446396,p257_165.wav,2.960667297319568,2025-12-03T12:11:38.496,bus
2.9897607160047133,7.5,1.17775297164917,3.657596717072487,p257_166.wav,2.7900366741118847,2025-12-03T12:11:38.954,bus
2.1142088330954043,2.5,1.4564515352249146,2.5792283935639273,p257_167.wav,1.9017914547090815,2025-12-03T12:11:39.431,bus
3.193520266525825,17.5,1.2647165060043335,3.49578035028787,p257_168.wav,2.8258364072701063,2025-12-03T12:11:40.611,cafe
2.642653061326536,12.5,1.3575782775878906,3.455004292682059,p257_169.wav,2.4606420277962,2025-12-03T12:11:40.987,cafe
2.64183965248819,7.5,1.1498163938522339,3.416543500231157,p257_170.wav,2.437461660392724,2025-12-03T12:11:45.072,cafe
1.1867813218005845,2.5,1.0400099754333496,1.3948147673508262,p257_171.wav,1.1737441166420584,2025-12-03T12:11:47.944,cafe
3.1820985992296413,17.5,1.6300122737884521,3.6243648179700276,p257_172.wav,2.817935888502984,2025-12-03T12:11:48.376,living
2.977710789018041,12.5,1.16019606590271,3.6745189580900255,p257_173.wav,2.803747610075238,2025-12-03T12:11:48.759,living
3.364552530394163,7.5,1.210306167602539,3.589972215832239,p257_174.wav,2.891310665978999,2025-12-03T12:11:49.165,living
1.1836928307115522,2.5,1.0926735401153564,1.243246003909899,p257_175.wav,1.1228672682939471,2025-12-03T12:11:51.43,living
3.932120760957402,17.5,3.147754430770874,3.398512908254686,p257_176.wav,3.049815149921215,2025-12-03T12:11:54.183,office
3.976325157414913,12.5,3.1744112968444824,3.601134464211001,p257_177.wav,3.2568926044683555,2025-12-03T12:11:54.777,office
3.94861336824839,7.5,2.707460880279541,3.552065946008851,p257_178.wav,3.183156585465201,2025-12-03T12:11:56.767,office
3.5045253986969485,2.5,1.4284019470214844,3.2512369615957453,p257_179.wav,2.7157703946855545,2025-12-03T12:11:59.473,office
3.1215286943908356,17.5,1.6544969081878662,3.2449801121483923,p257_180.wav,2.546288389054304,2025-12-03T12:12:02.268,psquare
3.6084979122773713,12.5,1.2780225276947021,3.698506678887548,p257_181.wav,3.1823940951596645,2025-12-03T12:12:05.35,psquare
3.197972090986952,7.5,1.2801728248596191,3.4563257766388107,p257_182.wav,2.805835756577653,2025-12-03T12:12:05.765,psquare
1.4991311414620292,2.5,1.069729208946228,2.007362924345987,p257_183.wav,1.3704238195874223,2025-12-03T12:12:07.113,psquare
3.778782636379914,17.5,3.1115682125091553,3.347183949535386,p257_184.wav,2.982387462984406,2025-12-03T12:12:08.173,bus
3.962311548210443,12.5,2.8038148880004883,3.4401474786229476,p257_185.wav,3.0857579448497474,2025-12-03T12:12:10.738,bus
3.8107137314846535,7.5,2.1581497192382812,3.674238689470244,p257_186.wav,3.2246719224151916,2025-12-03T12:12:12.897,bus
3.5152031597175983,2.5,1.3180015087127686,3.4377346893421676,p257_187.wav,2.8899128038044775,2025-12-03T12:12:14.324,bus
2.8787846475935166,17.5,1.857074499130249,3.4440759961269856,p257_188.wav,2.630300991050713,2025-12-03T12:12:15.67,cafe
2.8984281121415694,12.5,1.3282980918884277,3.414172794626432,p257_189.wav,2.5718675073990527,2025-12-03T12:12:18.239,cafe
2.2324812691957314,7.5,1.2023309469223022,3.309768195983234,p257_190.wav,2.193913027669583,2025-12-03T12:12:20.83,cafe
2.1372184054424634,2.5,1.0701369047164917,3.2770038701853714,p257_191.wav,2.139575701062219,2025-12-03T12:12:21.548,cafe
3.5059566999007754,17.5,2.488105058670044,3.363071045943779,p257_192.wav,2.810347033318396,2025-12-03T12:12:22.945,living
2.6074777265525,12.5,1.4279967546463013,3.334403122836633,p257_193.wav,2.3276034610273153,2025-12-03T12:12:23.355,living
2.8415739938798756,7.5,1.3675813674926758,3.4456571161372453,p257_194.wav,2.572422806506207,2025-12-03T12:12:23.74,living
1.6643306963244882,2.5,1.093906283378601,2.633088001625802,p257_195.wav,1.5845007337610377,2025-12-03T12:12:26.103,living
4.08109772254467,17.5,3.274122953414917,3.5075750696219488,p257_196.wav,3.22776631036021,2025-12-03T12:12:27.164,office
3.679153609011576,12.5,2.1598103046417236,3.3536497611229694,p257_197.wav,2.9008842450517904,2025-12-03T12:12:28.801,office
3.9535037165127407,7.5,2.5632402896881104,3.5852113890503943,p257_198.wav,3.2200056752683826,2025-12-03T12:12:30.013,office
3.3870707591811566,2.5,1.10788094997406,3.3693288478539998,p257_199.wav,2.7668443041365736,2025-12-03T12:12:32.592,office
3.642900995797482,17.5,1.3261245489120483,3.590920684454065,p257_200.wav,3.057988398557278,2025-12-03T12:12:33.019,psquare
3.3900379479773757,12.5,1.6687028408050537,3.6688895903129937,p257_201.wav,2.990324630099409,2025-12-03T12:12:35.518,psquare
3.505659451650539,7.5,1.4267213344573975,3.4138892521496356,p257_202.wav,2.8890486062307086,2025-12-03T12:12:36.605,psquare
2.4845041102264753,2.5,1.093001365661621,3.3657674023391198,p257_203.wav,2.3417944945689464,2025-12-03T12:12:39.188,psquare
3.7554842486177162,17.5,3.2919468879699707,2.9155837981118045,p257_204.wav,2.5214291705725143,2025-12-03T12:12:40.426,bus
3.8539369858303028,12.5,3.2199721336364746,3.4545044516950476,p257_205.wav,3.041479354324644,2025-12-03T12:12:43.605,bus
3.7800033532187656,7.5,2.6092259883880615,3.6696436617526444,p257_206.wav,3.225204172671007,2025-12-03T12:12:44.512,bus
2.8295484808288096,2.5,1.4079248905181885,3.592974294092206,p257_207.wav,2.6456349063661215,2025-12-03T12:12:46.502,bus
3.330191756360805,17.5,1.157945156097412,3.614893428170214,p257_208.wav,2.945492283624512,2025-12-03T12:12:49.369,cafe
2.615787037780871,12.5,1.6411519050598145,3.2718031433711756,p257_209.wav,2.334461175251917,2025-12-03T12:12:51.357,cafe
2.616191614745168,7.5,1.1325782537460327,3.4861858807594537,p257_210.wav,2.4855638497234556,2025-12-03T12:12:51.741,cafe
1.1119591908338793,2.5,1.1032192707061768,1.238872682963518,p257_211.wav,1.1154316259821435,2025-12-03T12:12:54.058,cafe
2.913089446188687,17.5,1.91293203830719,3.4080895477036712,p257_212.wav,2.5535583887431748,2025-12-03T12:12:54.46,living
2.6781490245831403,12.5,1.5096522569656372,3.147954685068379,p257_213.wav,2.360240920401108,2025-12-03T12:12:56.057,living
1.9052679654915055,7.5,1.0456973314285278,2.6622808940992364,p257_214.wav,1.8174232004279576,2025-12-03T12:12:56.422,living
1.3185231456200153,2.5,1.1718811988830566,1.2904484267374108,p257_215.wav,1.128073158736564,2025-12-03T12:12:58.9,living
3.964106958474486,17.5,2.918930768966675,3.583806427534054,p257_216.wav,3.2392727474848013,2025-12-03T12:12:59.943,office
4.050845461701183,12.5,2.6440224647521973,3.6301068371562955,p257_217.wav,3.319160885379398,2025-12-03T12:13:00.351,office
3.8295893508362484,7.5,2.0259222984313965,3.5490648999917327,p257_218.wav,3.119254445354025,2025-12-03T12:13:00.745,office
3.6045015602722503,2.5,1.6819608211517334,3.48488496302438,p257_219.wav,2.966684891193894,2025-12-03T12:13:02.013,office
3.673586366500183,17.5,2.1990225315093994,3.2690788458495903,p257_220.wav,2.862270983147699,2025-12-03T12:13:03.721,psquare
3.796689489364451,12.5,1.3537315130233765,3.7465802057453934,p257_221.wav,3.270965264764775,2025-12-03T12:13:06.319,psquare
3.4449361253967536,7.5,1.2935928106307983,3.250590202922882,p257_222.wav,2.717604905430364,2025-12-03T12:13:06.672,psquare
2.8931733459319156,2.5,1.213278889656067,3.5338189205896873,p257_223.wav,2.667760344136844,2025-12-03T12:13:09.209,psquare
3.9538133666411475,17.5,3.948429584503174,3.3306782449152563,p257_224.wav,3.0066978528102832,2025-12-03T12:13:10.279,bus
3.9199977382082984,12.5,3.2839696407318115,3.398526260757439,p257_225.wav,3.075829175247849,2025-12-03T12:13:10.666,bus
3.593379686575735,7.5,2.2409000396728516,3.4475493864785456,p257_226.wav,2.919810910947009,2025-12-03T12:13:12.843,bus
3.808552353124756,2.5,2.2508533000946045,3.5127419154979607,p257_227.wav,3.07732618336401,2025-12-03T12:13:14.599,bus
3.893994294520762,17.5,2.6501729488372803,3.664570645541889,p257_228.wav,3.3027299545406428,2025-12-03T12:13:15.854,cafe
2.4968982018851666,12.5,1.1283320188522339,3.5419625375165857,p257_229.wav,2.4920963643087775,2025-12-03T12:13:18.253,cafe
1.9995936998878776,7.5,1.2270607948303223,2.9998689834241823,p257_230.wav,1.9582900025271908,2025-12-03T12:13:19.669,cafe
2.3526597877210027,2.5,1.062799334526062,3.4616384852822115,p257_231.wav,2.3518084295515247,2025-12-03T12:13:20.888,cafe
3.525245303851565,17.5,1.9908325672149658,3.635810205265636,p257_232.wav,3.071403080097597,2025-12-03T12:13:22.615,living
3.5093480526336567,12.5,1.8136857748031616,3.555585099533049,p257_233.wav,3.020302098023706,2025-12-03T12:13:22.987,living
2.4178503955871573,7.5,1.1208034753799438,3.5112736562712,p257_234.wav,2.402179691226968,2025-12-03T12:13:24.605,living
2.542432818918462,2.5,1.0886831283569336,3.291849507978732,p257_235.wav,2.3656080971711413,2025-12-03T12:13:24.996,living
4.107850684140156,17.5,3.6081109046936035,3.6301395128442593,p257_236.wav,3.3774688340855583,2025-12-03T12:13:26.909,office
3.9527742098466168,12.5,2.789154529571533,3.613821609284634,p257_237.wav,3.2694048871979406,2025-12-03T12:13:28.551,office
3.9108566887307696,7.5,1.280824899673462,3.463052167067239,p257_238.wav,3.0783074104244053,2025-12-03T12:13:31.115,office
3.0744486241523643,2.5,1.1941778659820557,3.497140004083404,p257_239.wav,2.7240014842641505,2025-12-03T12:13:33.17,office
2.8730463491795755,17.5,1.9284226894378662,3.480070184566636,p257_240.wav,2.5824074263411956,2025-12-03T12:13:34.041,psquare
3.616169570379802,12.5,1.1448793411254883,3.487916771688571,p257_241.wav,2.9872137082992363,2025-12-03T12:13:35.047,psquare
3.224333026120115,7.5,1.193874478340149,3.637487464536371,p257_242.wav,2.848497823868353,2025-12-03T12:13:36.282,psquare
2.8417177997022773,2.5,1.1367087364196777,3.1852155197322496,p257_243.wav,2.458466837844316,2025-12-03T12:13:38.686,psquare
3.881497497951382,17.5,3.6568455696105957,3.4306440545605152,p257_244.wav,3.0774967127319655,2025-12-03T12:13:39.071,bus
3.606295469169434,12.5,1.5523320436477661,3.5625612602065617,p257_245.wav,3.045209273696849,2025-12-03T12:13:39.812,bus
3.459955877396502,7.5,1.3786964416503906,3.626832937227449,p257_246.wav,3.0050472649505666,2025-12-03T12:13:40.204,bus
2.926793056663463,2.5,1.5789549350738525,3.4686939479540833,p257_247.wav,2.614127125906959,2025-12-03T12:13:41.468,bus
3.834825311840099,17.5,2.891620635986328,3.56410213060043,p257_248.wav,3.1496549057506704,2025-12-03T12:13:42.509,cafe
3.1290810536300704,12.5,1.5961861610412598,3.4618387131626296,p257_249.wav,2.731906679975475,2025-12-03T12:13:43.553,cafe
2.7673099900239215,7.5,1.1687910556793213,3.5697692754939903,p257_250.wav,2.631101562957134,2025-12-03T12:13:43.942,cafe
2.1499051471192128,2.5,1.1080851554870605,3.1291028732725272,p257_251.wav,2.101142998991517,2025-12-03T12:13:45.178,cafe
3.19337011718142,17.5,1.1716678142547607,3.582323149857547,p257_252.wav,2.8383253374758604,2025-12-03T12:13:47.714,living
2.940030754359141,12.5,1.4852327108383179,3.36001671446144,p257_253.wav,2.58547645843282,2025-12-03T12:13:48.443,living
3.0498559758218735,7.5,1.1253225803375244,3.6959345807094626,p257_254.wav,2.8631505775174904,2025-12-03T12:13:51.057,living
2.3337096983892085,2.5,1.1927456855773926,3.3954789313780442,p257_255.wav,2.3396558488122117,2025-12-03T12:13:51.423,living
4.175637919429119,17.5,2.0285050868988037,3.6806755438174243,p257_256.wav,3.43989456524417,2025-12-03T12:13:52.46,office
3.8589507743932536,12.5,2.0763232707977295,3.6027324156459257,p257_257.wav,3.1979486718914925,2025-12-03T12:13:54.888,office
3.619461263823036,7.5,2.508939504623413,3.5675399041184845,p257_258.wav,3.0482150071800285,2025-12-03T12:13:57.062,office
3.2123353419946588,2.5,1.1716891527175903,3.4794708839293884,p257_259.wav,2.77816087604463,2025-12-03T12:13:57.782,office
3.1062816161314073,17.5,1.709470272064209,3.701889544733922,p257_260.wav,2.913892374936609,2025-12-03T12:13:58.313,psquare
3.1096162226651867,12.5,1.565812587738037,3.5104885582110352,p257_261.wav,2.7593856309228677,2025-12-03T12:13:58.691,psquare
2.7934366424016828,7.5,1.3378725051879883,3.7167100828656303,p257_262.wav,2.708739959720474,2025-12-03T12:14:00.086,psquare
1.2186019690507057,2.5,1.0719597339630127,1.4307048424103368,p257_263.wav,1.2121772847553058,2025-12-03T12:14:02.936,psquare
3.5723504601704983,17.5,1.226499319076538,3.2761612940679044,p257_264.wav,2.7600960445098206,2025-12-03T12:14:03.64,bus
3.9285144259144316,12.5,2.7614569664001465,3.480045378148051,p257_265.wav,3.1256900595927686,2025-12-03T12:14:04.007,bus
3.3320385876018115,7.5,1.611011028289795,3.7768713213770555,p257_266.wav,3.0601184974219686,2025-12-03T12:14:04.376,bus
1.1761061270911304,2.5,1.1220576763153076,1.3549228027512645,p257_267.wav,1.152851705778524,2025-12-03T12:14:06.364,bus
2.9425475150766927,17.5,1.30596923828125,3.5054572290021957,p257_268.wav,2.6519559051527595,2025-12-03T12:14:06.727,cafe
3.1053743430980036,12.5,1.3171600103378296,3.405634771215622,p257_269.wav,2.693455834393332,2025-12-03T12:14:08.116,cafe
1.2124711318535009,7.5,1.12163507938385,1.2978997689698721,p257_270.wav,1.1627235428083562,2025-12-03T12:14:08.519,cafe
1.2317015371315834,2.5,1.0849066972732544,1.558770388267248,p257_271.wav,1.2320517646700477,2025-12-03T12:14:09.287,cafe
2.911647732120541,17.5,1.1089683771133423,3.524699928104298,p257_272.wav,2.6968809633449204,2025-12-03T12:14:11.491,living
3.4224570250356647,12.5,1.2257543802261353,3.7373269179428745,p257_273.wav,3.0650799540277083,2025-12-03T12:14:14.059,living
1.207951846514301,7.5,1.088356614112854,1.2541033666691692,p257_274.wav,1.1490550415986491,2025-12-03T12:14:15.979,living
2.4244504987183952,2.5,1.1370116472244263,3.499651069204717,p257_275.wav,2.429902660038348,2025-12-03T12:14:17.007,living
3.926885806941355,17.5,2.0593883991241455,3.1664220306462,p257_276.wav,2.849979192821913,2025-12-03T12:14:17.378,office
3.7416139034963933,12.5,2.3740320205688477,3.6100903790600936,p257_277.wav,3.15885708151215,2025-12-03T12:14:17.749,office
3.8710748460845834,7.5,2.3648555278778076,3.511280384743246,p257_278.wav,3.138276140435909,2025-12-03T12:14:18.961,office
3.7065861642369535,2.5,1.9840869903564453,3.669013869949647,p257_279.wav,3.1790399736530377,2025-12-03T12:14:20.795,office
3.8937700031671287,17.5,2.2484822273254395,3.669713677143191,p257_280.wav,3.3067639211498276,2025-12-03T12:14:21.158,psquare
2.9293384389188484,12.5,1.1247471570968628,3.506354246547793,p257_281.wav,2.7165710037093325,2025-12-03T12:14:21.847,psquare
2.8078365967398837,7.5,1.1760528087615967,3.5479499508056787,p257_282.wav,2.627685735428516,2025-12-03T12:14:23.926,psquare
2.9757328940730563,2.5,1.3747395277023315,3.4682883941611085,p257_283.wav,2.641744459591106,2025-12-03T12:14:24.761,psquare
3.436083143128949,17.5,2.5966479778289795,3.6045034958993956,p257_284.wav,3.0343495039107,2025-12-03T12:14:25.821,bus
3.6454253705169832,12.5,2.3563292026519775,3.3157771080801126,p257_285.wav,2.8496339306773377,2025-12-03T12:14:26.525,bus
3.8880983435791157,7.5,2.041086196899414,3.541610967004072,p257_286.wav,3.119929191942341,2025-12-03T12:14:26.901,bus
3.7517483872477917,2.5,1.9394609928131104,3.6187387192781366,p257_287.wav,3.131554215715394,2025-12-03T12:14:29.259,bus
2.8131182459224764,17.5,1.5491924285888672,3.534129063953887,p257_288.wav,2.627509937741984,2025-12-03T12:14:30.099,cafe
2.7219262936320083,12.5,1.1875007152557373,3.619085346655158,p257_289.wav,2.5935826191330347,2025-12-03T12:14:30.958,cafe
2.0682754331147817,7.5,1.181997299194336,3.398526543130282,p257_290.wav,2.1604535656341524,2025-12-03T12:14:31.304,cafe
2.0952459217809967,2.5,1.0365382432937622,3.117880129232433,p257_291.wav,2.0732833816718674,2025-12-03T12:14:32.678,cafe
3.5838576781039846,17.5,2.5275461673736572,3.645453723043744,p257_292.wav,3.1051564507046243,2025-12-03T12:14:33.538,living
2.8940201318048704,12.5,1.2850842475891113,3.527503026084035,p257_293.wav,2.645988247144738,2025-12-03T12:14:33.895,living
3.147861988752839,7.5,1.148717999458313,3.5959282061011066,p257_294.wav,2.859298178992708,2025-12-03T12:14:36.077,living
1.1902103931672392,2.5,1.0574944019317627,1.3135344095874175,p257_295.wav,1.1387486714110948,2025-12-03T12:14:37.454,living
4.063871993814493,17.5,3.052292823791504,3.4791452735577515,p257_296.wav,3.1823520309347537,2025-12-03T12:14:38.687,office
3.833253570273977,12.5,2.890258312225342,3.4615884811270363,p257_297.wav,3.0656274950731057,2025-12-03T12:14:40.081,office
3.6702105096234803,7.5,1.885179042816162,3.573619881763511,p257_298.wav,3.0997680509186125,2025-12-03T12:14:40.462,office
3.608574326890684,2.5,1.2944400310516357,3.5098061125678566,p257_299.wav,2.9909470922164725,2025-12-03T12:14:41.546,office
3.755326395369166,17.5,1.931388020515442,3.562542499618948,p257_300.wav,3.173180557489922,2025-12-03T12:14:43.101,psquare
3.7938321586727506,12.5,1.7689933776855469,3.6080066178797123,p257_301.wav,3.1616507727274183,2025-12-03T12:14:43.45,psquare
3.1693311000634345,7.5,1.1919864416122437,3.3377329067077546,p257_302.wav,2.6643429095545277,2025-12-03T12:14:43.814,psquare
1.2962745908640643,2.5,1.0712425708770752,1.6771887732850412,p257_303.wav,1.2737839798292458,2025-12-03T12:14:46.415,psquare
3.9828640317911077,17.5,4.201057434082031,3.4477198416370443,p257_304.wav,3.1201813341673583,2025-12-03T12:14:48.131,bus
3.653943061833996,12.5,1.1912976503372192,3.447210228231834,p257_305.wav,2.933816084981554,2025-12-03T12:14:51.103,bus
3.555255902244146,7.5,2.543602705001831,3.4851697918982083,p257_306.wav,2.9844393843933688,2025-12-03T12:14:52.478,bus
3.21501248625493,2.5,1.4863594770431519,3.4292791661962383,p257_307.wav,2.7278273242597795,2025-12-03T12:14:53.858,bus
3.169162154824938,17.5,1.6624361276626587,3.55738913955057,p257_308.wav,2.8254579789308756,2025-12-03T12:14:54.263,cafe
3.101322169934344,12.5,1.1088918447494507,3.562895582996523,p257_309.wav,2.829372710450738,2025-12-03T12:14:57.074,cafe
1.5919916749428662,7.5,1.0562976598739624,2.2429040822445145,p257_310.wav,1.5099614904897403,2025-12-03T12:14:58.714,cafe
1.1764066353981282,2.5,1.0508499145507812,1.2191553991503405,p257_311.wav,1.0998991997252476,2025-12-03T12:14:59.247,cafe
3.415610990364677,17.5,1.8863617181777954,3.657355803412217,p257_312.wav,3.0257893202446957,2025-12-03T12:15:01.289,living
3.1208570161146274,12.5,1.2107186317443848,3.4717969787824234,p257_313.wav,2.7405908118177744,2025-12-03T12:15:01.995,living
2.7483745997881446,7.5,1.2576320171356201,3.5783068503232505,p257_314.wav,2.645663824625068,2025-12-03T12:15:04.337,living
1.424207733364995,2.5,1.054989218711853,2.0892549382036254,p257_315.wav,1.4111313268057923,2025-12-03T12:15:06.159,living
3.921560217958155,17.5,3.0232725143432617,3.1625629961073836,p257_316.wav,2.848796547039019,2025-12-03T12:15:08.122,office
3.7754622192964904,12.5,2.916590690612793,3.4434703659237913,p257_317.wav,3.0385104107047836,2025-12-03T12:15:10.229,office
3.7957002109618863,7.5,2.1323094367980957,3.2727564624474015,p257_318.wav,2.8663603215247826,2025-12-03T12:15:10.7,office
3.126899127461448,2.5,1.2164607048034668,3.6187227677730784,p257_319.wav,2.849002829199328,2025-12-03T12:15:11.668,office
3.7160630322913706,17.5,2.887857675552368,3.629067505913172,p257_320.wav,3.1706580812367315,2025-12-03T12:15:12.38,psquare
3.167603380638259,12.5,1.2428326606750488,3.4957719951137585,p257_321.wav,2.7546981824273735,2025-12-03T12:15:14.872,psquare
2.7258819195058854,7.5,1.166031837463379,3.6221413464674823,p257_322.wav,2.646444688406166,2025-12-03T12:15:16.824,psquare
2.806329021605709,2.5,1.127655029296875,3.668083377400419,p257_323.wav,2.725967413500153,2025-12-03T12:15:19.036,psquare
3.901561905639329,17.5,3.8637969493865967,3.509159404481373,p257_324.wav,3.140904924253079,2025-12-03T12:15:20.964,bus
3.7187265349731624,12.5,2.832258462905884,3.0272886516862214,p257_325.wav,2.6482861781488984,2025-12-03T12:15:23.803,bus
3.781590551442663,7.5,2.163820743560791,3.311024462301054,p257_326.wav,2.895439930341102,2025-12-03T12:15:25.67,bus
1.304416488110287,2.5,1.470440149307251,1.4340612589502921,p257_327.wav,1.2205934370760474,2025-12-03T12:15:26.707,bus
3.3831773060581307,17.5,1.2316243648529053,3.3296600876032305,p257_328.wav,2.7443483781855806,2025-12-03T12:15:27.401,cafe
2.5466067822132223,12.5,1.2959930896759033,3.2541948461622234,p257_329.wav,2.3387138789730915,2025-12-03T12:15:28.686,cafe
2.967865439258024,7.5,1.3474327325820923,3.5730092428154854,p257_330.wav,2.751456096588189,2025-12-03T12:15:29.034,cafe
1.146568757142544,2.5,1.0514581203460693,1.2210098210912186,p257_331.wav,1.1263706091407961,2025-12-03T12:15:31.551,cafe
3.453251163389889,17.5,1.8109605312347412,3.591374412499101,p257_332.wav,3.0081522523890394,2025-12-03T12:15:33.493,living
3.5255155066934583,12.5,1.8477646112442017,3.4845850111816175,p257_333.wav,2.9287347320675297,2025-12-03T12:15:33.882,living
2.8946891060799267,7.5,1.3455326557159424,3.520864017927526,p257_334.wav,2.6471085750586707,2025-12-03T12:15:34.3,living
2.120132433331858,2.5,1.0888564586639404,2.882729764450868,p257_335.wav,2.0370688213950645,2025-12-03T12:15:35.579,living
4.088188415948518,17.5,3.2143077850341797,3.503663138276528,p257_336.wav,3.2150923860940335,2025-12-03T12:15:36.836,office
3.8482746798860945,12.5,2.2170939445495605,3.190236980406997,p257_337.wav,2.8154136028176886,2025-12-03T12:15:40.04,office
3.814528355712982,7.5,1.372474193572998,3.4570392048734107,p257_338.wav,3.0200146511700363,2025-12-03T12:15:40.392,office
3.8539673069719393,2.5,1.7882713079452515,3.5378673024991074,p257_339.wav,3.1261495419024756,2025-12-03T12:15:42.079,office
3.794165010316719,17.5,2.733431577682495,3.4367391707176163,p257_340.wav,3.0357892841448484,2025-12-03T12:15:44.426,psquare
3.61355100499528,12.5,1.3025070428848267,3.7961627649280083,p257_341.wav,3.2385176944517684,2025-12-03T12:15:44.79,psquare
3.308007719106588,7.5,1.2424631118774414,3.7242364807874986,p257_342.wav,2.9946444550345355,2025-12-03T12:15:47.366,psquare
2.8931968571434385,2.5,1.1478931903839111,3.5580816483146434,p257_343.wav,2.6595003403025794,2025-12-03T12:15:48.117,psquare
3.853599572247804,17.5,1.773989200592041,3.5817324741592453,p257_344.wav,3.1884906110689077,2025-12-03T12:15:50.9,bus
3.9131550953164798,12.5,3.492948055267334,3.3561953593788894,p257_345.wav,3.0162689191681107,2025-12-03T12:15:51.883,bus
3.1740566814565505,7.5,1.3648298978805542,3.534942095541679,p257_346.wav,2.8028244213987605,2025-12-03T12:15:55.082,bus
1.5423487241960867,2.5,1.5571658611297607,2.1380397664057678,p257_347.wav,1.4759739764585715,2025-12-03T12:15:56.484,bus
3.4050441575256047,17.5,1.254672646522522,3.6173482689473953,p257_348.wav,3.001219830432103,2025-12-03T12:16:00.367,cafe
2.9817241672135877,12.5,1.2231148481369019,3.5828961968168644,p257_349.wav,2.725739116276219,2025-12-03T12:16:00.77,cafe
2.383639190255826,7.5,1.2463234663009644,3.486196894024716,p257_350.wav,2.376290774807929,2025-12-03T12:16:01.939,cafe
1.1203141305661815,2.5,1.1014413833618164,1.2247902562118236,p257_351.wav,1.124424312928709,2025-12-03T12:16:02.873,cafe
3.736011464323326,17.5,2.4783408641815186,3.468048760286301,p257_352.wav,2.996339411469048,2025-12-03T12:16:06.025,living
2.859643156046264,12.5,1.1249138116836548,3.4122040722882234,p257_353.wav,2.557265856019146,2025-12-03T12:16:07.678,living
2.6114803778065423,7.5,1.0837503671646118,3.4494284644911892,p257_354.wav,2.471666306226607,2025-12-03T12:16:10.561,living
1.6620278937011534,2.5,1.1074882745742798,2.2942964804350936,p257_355.wav,1.5981772229534092,2025-12-03T12:16:14.666,living
3.9578896940454267,17.5,3.3705782890319824,3.5886878233463975,p257_356.wav,3.254830397404223,2025-12-03T12:16:18.709,office
3.8044762053969667,12.5,3.2202205657958984,3.221148329521394,p257_357.wav,2.8637850599625274,2025-12-03T12:16:22.937,office
3.749884985302013,7.5,2.9655628204345703,3.614754264494752,p257_358.wav,3.146866995327263,2025-12-03T12:16:24.851,office
3.6222769937863424,2.5,1.6239093542099,3.4862439854407663,p257_359.wav,2.9871476689535794,2025-12-03T12:16:25.368,office
3.5882111910941665,17.5,2.3023433685302734,3.5125844866950118,p257_360.wav,3.0364988247200153,2025-12-03T12:16:26.331,psquare
3.631402023530689,12.5,1.3109378814697266,3.497092422762108,p257_361.wav,3.007238764368275,2025-12-03T12:16:27.08,psquare
2.719897920239662,7.5,1.1109600067138672,3.5898950735430337,p257_362.wav,2.6061606779216335,2025-12-03T12:16:29.476,psquare
2.4914130274610615,2.5,1.1010916233062744,3.495985477717679,p257_363.wav,2.416307134629347,2025-12-03T12:16:32.224,psquare
3.982612601573564,17.5,3.9128949642181396,3.5627717180068967,p257_364.wav,3.2209935196295945,2025-12-03T12:16:33.497,bus
3.8879755929926025,12.5,2.9735426902770996,3.596135892374142,p257_365.wav,3.178624428717092,2025-12-03T12:16:36.122,bus
3.6001211089507343,7.5,1.789825677871704,3.4828279798640356,p257_366.wav,2.9627145298514765,2025-12-03T12:16:37.512,bus
3.162671059935697,2.5,1.1714855432510376,3.3086727433512784,p257_367.wav,2.6390919476506434,2025-12-03T12:16:38.748,bus
3.152663874422341,17.5,1.7286615371704102,3.663733922391802,p257_368.wav,2.9072854284720324,2025-12-03T12:16:43.258,cafe
3.703227292411311,12.5,1.3043599128723145,3.566839076288161,p257_369.wav,3.0915772414922094,2025-12-03T12:16:43.624,cafe
1.1642848510352148,7.5,1.1872990131378174,1.260930260229108,p257_370.wav,1.1363129922084791,2025-12-03T12:16:46.579,cafe
2.6068181834087056,2.5,1.1894023418426514,3.39107759394546,p257_371.wav,2.435923011362418,2025-12-03T12:16:48.11,cafe
3.685243338933148,17.5,2.568105697631836,3.4654359255516085,p257_372.wav,2.9943097027215684,2025-12-03T12:16:51.04,living
2.2635371317082376,12.5,1.1015490293502808,2.9083526930371413,p257_373.wav,2.1605477179188233,2025-12-03T12:16:52.072,living
3.446938431603272,7.5,1.2272504568099976,3.5113731986004484,p257_374.wav,2.8970116633868166,2025-12-03T12:16:52.418,living
1.4808381370477535,2.5,1.045061707496643,2.1922071906460894,p257_375.wav,1.4549383889487104,2025-12-03T12:16:53.284,living
3.9486089295437763,17.5,2.9858109951019287,3.3385108146951876,p257_376.wav,3.005069967342814,2025-12-03T12:16:53.636,office
4.049261263539469,12.5,2.933347225189209,3.524009934678801,p257_377.wav,3.243639456604879,2025-12-03T12:16:53.999,office
3.5156361729784473,7.5,1.1459217071533203,3.430026280274053,p257_378.wav,2.874934857226029,2025-12-03T12:16:55.634,office
3.5312022248773522,2.5,1.7547192573547363,3.568694597704795,p257_379.wav,3.013805487085375,2025-12-03T12:16:57.567,office
3.9583406529112666,17.5,2.1644694805145264,3.618779366673174,p257_380.wav,3.2505459537856782,2025-12-03T12:17:00.555,psquare
3.420264389189505,12.5,1.4311002492904663,3.56845702409507,p257_381.wav,2.9599351631520423,2025-12-03T12:17:01.828,psquare
3.2376718194904393,7.5,1.0830495357513428,3.533307526388809,p257_382.wav,2.802444337666211,2025-12-03T12:17:03.889,psquare
1.588550256380849,2.5,1.228999376296997,2.35689867791372,p257_383.wav,1.626736420149892,2025-12-03T12:17:05.554,psquare
4.161093463021022,17.5,3.27409291267395,3.6387853495526503,p257_384.wav,3.369745965106609,2025-12-03T12:17:06.459,bus
3.971299518250911,12.5,2.79594087600708,3.5790274058778877,p257_385.wav,3.2478918960780416,2025-12-03T12:17:08.855,bus
3.6415426267184587,7.5,2.795361280441284,3.4081720308115515,p257_386.wav,2.9132888433136634,2025-12-03T12:17:11.826,bus
3.011110432156374,2.5,1.2479171752929688,3.343257600766016,p257_387.wav,2.5449713585837612,2025-12-03T12:17:12.522,bus
3.6969740849801314,17.5,1.2382845878601074,3.2872736812315755,p257_388.wav,2.846125238956142,2025-12-03T12:17:13.921,cafe
2.784162926703349,12.5,1.3934426307678223,3.530937415242002,p257_389.wav,2.5872688639824184,2025-12-03T12:17:15.477,cafe
2.522620298784654,7.5,1.1979596614837646,3.6384295829931017,p257_390.wav,2.461575296043874,2025-12-03T12:17:16.544,cafe
3.153069251959357,2.5,1.1926534175872803,3.5326876139241783,p257_391.wav,2.755985305974782,2025-12-03T12:17:16.931,cafe
3.868322511524914,17.5,2.400726079940796,3.2242044521664783,p257_392.wav,2.9098534000608685,2025-12-03T12:17:17.333,living
3.363726629824185,12.5,1.5764129161834717,3.6639534072117548,p257_393.wav,3.0415794556383173,2025-12-03T12:17:17.694,living
3.2752372055758396,7.5,1.4548832178115845,3.337522930730785,p257_394.wav,2.699506157596766,2025-12-03T12:17:18.595,living
1.592721492011067,2.5,1.1710622310638428,2.2191271776759893,p257_395.wav,1.490073746748697,2025-12-03T12:17:18.96,living
3.7990106725152315,17.5,3.303966760635376,3.0171736341169058,p257_396.wav,2.670185949706967,2025-12-03T12:17:20.628,office
3.9884862516916932,12.5,2.9254555702209473,3.437338413834063,p257_397.wav,3.097837606529519,2025-12-03T12:17:23.388,office
3.7855358074713403,7.5,1.2006670236587524,3.3583826790030638,p257_398.wav,2.929376581172876,2025-12-03T12:17:24.428,office
3.1392552100788773,2.5,1.9255623817443848,3.477371598677764,p257_399.wav,2.7494835375321225,2025-12-03T12:17:25.321,office
3.6612009890651884,17.5,1.88849675655365,3.6321606642684046,p257_400.wav,3.119845990503729,2025-12-03T12:17:28.024,psquare
3.3656224079451205,12.5,1.144995093345642,3.626412976435204,p257_401.wav,2.9810730493109134,2025-12-03T12:17:30.295,psquare
3.3130609208207935,7.5,1.2898032665252686,3.569743316282075,p257_402.wav,2.8582535652236074,2025-12-03T12:17:31.668,psquare
3.3120155043498207,2.5,1.2599269151687622,3.4911198175394453,p257_403.wav,2.8324001488292345,2025-12-03T12:17:34.096,psquare
4.063901279211383,17.5,3.6693062782287598,3.555911185308186,p257_404.wav,3.2465279271871395,2025-12-03T12:17:34.575,bus
3.4421776615092505,12.5,2.0256803035736084,3.6549496167701747,p257_405.wav,3.069194234756232,2025-12-03T12:17:37.382,bus
3.816185077966508,7.5,3.2801589965820312,3.5212277163474788,p257_406.wav,3.100084217773409,2025-12-03T12:17:38.288,bus
3.6438912092559335,2.5,1.4123449325561523,3.329176645596263,p257_407.wav,2.813598029234996,2025-12-03T12:17:38.64,bus
2.8694481450259377,17.5,1.8095571994781494,3.4204715018953764,p257_408.wav,2.5718123122041763,2025-12-03T12:17:39.062,cafe
2.9414210272550254,12.5,1.1140331029891968,3.713504704276831,p257_409.wav,2.801198534513889,2025-12-03T12:17:41.776,cafe
3.046665977904166,7.5,1.154475212097168,3.529287874136964,p257_410.wav,2.7844544626457273,2025-12-03T12:17:43.752,cafe
2.0557629810084097,2.5,1.0781320333480835,3.3532094798876493,p257_411.wav,2.1143621713104297,2025-12-03T12:17:44.814,cafe
3.924888771244175,17.5,1.3198835849761963,3.5852547579892273,p257_412.wav,3.2096630614692443,2025-12-03T12:17:47.059,living
3.4797008310215984,12.5,1.4961309432983398,3.5729257207019356,p257_413.wav,3.012875801783492,2025-12-03T12:17:51.7,living
2.990922168304075,7.5,1.572805643081665,3.507122182454483,p257_414.wav,2.670996091401843,2025-12-03T12:17:53.613,living
2.384771420122984,2.5,1.109797477722168,3.499191858107782,p257_415.wav,2.4032129900955126,2025-12-03T12:17:56.094,living
3.972576030813777,17.5,3.3371803760528564,3.559249107318309,p257_416.wav,3.198242568150609,2025-12-03T12:17:59.186,office
3.6763011152478082,12.5,2.6808254718780518,3.3932949385154383,p257_417.wav,2.933203292705849,2025-12-03T12:18:00.591,office
3.8987688222521983,7.5,1.7749354839324951,3.5264054874224797,p257_418.wav,3.138252939880753,2025-12-03T12:18:00.983,office
3.7118672712912435,2.5,1.8630876541137695,3.648932400213477,p257_419.wav,3.168779757486179,2025-12-03T12:18:01.366,office
3.8206187682125488,17.5,2.1147212982177734,3.42315379310674,p257_420.wav,3.046198075193766,2025-12-03T12:18:02.67,psquare
3.7690282328661033,12.5,1.8974628448486328,3.522724102831274,p257_421.wav,3.0628759194830724,2025-12-03T12:18:03.692,psquare
2.5189308621068345,7.5,1.1997171640396118,3.576772384802153,p257_422.wav,2.5126192160863785,2025-12-03T12:18:04.902,psquare
2.944732880590667,2.5,1.1002781391143799,3.231530044147872,p257_423.wav,2.457683812765675,2025-12-03T12:18:07.723,psquare
3.7234548277336526,17.5,1.6620118618011475,3.569282667975094,p257_424.wav,3.125708539555782,2025-12-03T12:18:09.577,psquare
3.65743735672365,7.5,2.212714433670044,3.45214914386469,p257_425.wav,2.949622565361583,2025-12-03T12:18:10.624,bus
2.1403309838895486,2.5,1.128807783126831,3.334573738077073,p257_426.wav,2.152752213352631,2025-12-03T12:18:11.044,living
1.3602882067430426,2.5,1.0382566452026367,1.9668152189885035,p257_427.wav,1.372375276851754,2025-12-03T12:18:13.57,cafe
3.4961363721827214,12.5,2.6199147701263428,3.42977527117113,p257_428.wav,2.861191618769736,2025-12-03T12:18:13.947,bus
1.932612383626744,12.5,1.4085044860839844,2.2904549687812166,p257_429.wav,1.7123460189404565,2025-12-03T12:18:14.735,living
2.4432714103716413,7.5,1.3473397493362427,3.328220197391177,p257_430.wav,2.342919211746678,2025-12-03T12:18:16.396,living
2.9174544391455455,7.5,1.1191058158874512,3.556072514437362,p257_431.wav,2.695202455532261,2025-12-03T12:18:16.752,psquare
2.916238926584171,12.5,1.0704588890075684,3.407684009677784,p257_432.wav,2.6067246985098467,2025-12-03T12:18:19.297,cafe
3.969328934311106,12.5,2.4550530910491943,3.38568507732485,p257_433.wav,3.0542572797881333,2025-12-03T12:18:19.669,office
3.504038330993995,2.5,1.950378656387329,3.3719092475243904,p257_434.wav,2.7595070440145872,2025-12-03T12:18:22.277,bus
3.9299567088235037,17.5,2.9278736114501953,3.6269946938710333,p232_001.wav,3.2489933667068334,2025-12-03T12:18:24.301,bus
3.752831586264639,12.5,3.0734782218933105,3.6772709177508767,p232_002.wav,3.233403662877299,2025-12-03T12:18:25.329,bus
3.755028462266658,7.5,2.805394172668457,3.5127868532212148,p232_003.wav,3.0829098041452996,2025-12-03T12:18:27.983,bus
2.46473894421821,2.5,1.3294090032577515,3.553970917911587,p232_005.wav,2.4806761696965567,2025-12-03T12:18:29.347,bus
3.4141663308213364,17.5,2.186727523803711,3.7017482637037915,p232_006.wav,3.0529609808814038,2025-12-03T12:18:29.714,cafe
2.6171513806708764,12.5,1.5385651588439941,3.615352376617373,p232_007.wav,2.548596629535057,2025-12-03T12:18:32.273,cafe
2.912444920136872,7.5,1.7850921154022217,3.577282371019012,p232_009.wav,2.711130144064931,2025-12-03T12:18:35.013,cafe
1.1857246516906739,2.5,1.2086044549942017,1.3438031127490393,p232_010.wav,1.1455530363217168,2025-12-03T12:18:36.174,cafe
3.5170327131358436,17.5,2.699368715286255,3.742621041783437,p232_011.wav,3.1706197189212815,2025-12-03T12:18:38.29,living
3.4648642546492225,12.5,2.024491786956787,3.683293049474742,p232_012.wav,3.050694012229111,2025-12-03T12:18:40.786,living
2.5664174039115983,7.5,1.4085582494735718,3.5328563888597624,p232_013.wav,2.5248237287738253,2025-12-03T12:18:43.363,living
2.81326846804895,2.5,1.274224042892456,3.60332983444377,p232_014.wav,2.637989787650403,2025-12-03T12:18:44.205,living
4.13430692300746,17.5,3.630500316619873,3.6929570229250506,p232_015.wav,3.443438711224625,2025-12-03T12:18:44.618,office
3.9207475892432027,12.5,3.322709083557129,3.619482280677224,p232_016.wav,3.2535391393125073,2025-12-03T12:18:45.439,office
3.955258831758373,7.5,2.794257879257202,3.558169587713577,p232_017.wav,3.2038797004046953,2025-12-03T12:18:46.178,office
3.5922063309046606,2.5,2.187368154525757,3.6347944243508366,p232_019.wav,3.110527795086609,2025-12-03T12:18:48.138,office
3.6020390050466586,17.5,2.878901481628418,3.711955657895632,p232_020.wav,3.198292118079395,2025-12-03T12:18:49.907,psquare
3.2991532465896767,12.5,2.5721566677093506,3.615756390612578,p232_021.wav,2.9592053705665164,2025-12-03T12:18:52.759,psquare
3.3248232071434654,7.5,1.628661870956421,3.689195106193134,p232_022.wav,2.997808245876081,2025-12-03T12:18:53.883,psquare
2.722986809680755,2.5,1.274693250656128,3.565350652351504,p232_023.wav,2.552251229599227,2025-12-03T12:18:54.481,psquare
3.977516798337352,17.5,3.8072762489318848,3.6812093991077095,p232_024.wav,3.3580016547297764,2025-12-03T12:18:55.541,bus
3.6107506313011135,12.5,2.9166576862335205,3.5857171056103496,p232_025.wav,3.0579259653832604,2025-12-03T12:18:58.25,bus
3.820424580312523,7.5,2.883572816848755,3.6677666710539207,p232_027.wav,3.2355102239352047,2025-12-03T12:19:01.832,bus
2.7938348043181613,2.5,1.4320833683013916,3.4490760010164094,p232_028.wav,2.541056674401101,2025-12-03T12:19:05.013,bus
3.2217233236944502,17.5,1.756158471107483,3.6843044601004924,p232_029.wav,2.8901094763801156,2025-12-03T12:19:06.544,cafe
3.2852335831931505,12.5,1.9867966175079346,3.6880607006971196,p232_030.wav,2.9827341743254236,2025-12-03T12:19:08.587,cafe
3.116604320898154,7.5,1.5469601154327393,3.617739422970275,p232_031.wav,2.8026208035627054,2025-12-03T12:19:08.996,cafe
1.5365041849916938,2.5,1.1073024272918701,2.4200491919131766,p232_032.wav,1.5023000855456248,2025-12-03T12:19:10.552,cafe
3.1353455696746826,17.5,2.396958112716675,3.4324587840299525,p232_033.wav,2.6856204123590963,2025-12-03T12:19:11.438,living
2.826214261593803,12.5,1.4267289638519287,3.519021194201374,p232_034.wav,2.5572206755578533,2025-12-03T12:19:12.113,living
2.957248935708307,7.5,1.5271592140197754,3.676100986496927,p232_035.wav,2.791794100792679,2025-12-03T12:19:13.724,living
1.2969712660220893,2.5,1.1446439027786255,1.5137446933104572,p232_036.wav,1.2012556297332289,2025-12-03T12:19:15.285,living
4.077365305024013,17.5,3.6118133068084717,3.574760919064145,p232_037.wav,3.31169608938354,2025-12-03T12:19:17.666,office
3.770280261041094,12.5,2.8573670387268066,3.5066198005268103,p232_038.wav,3.0689859902648124,2025-12-03T12:19:20.234,office
3.538984383886067,7.5,2.143080472946167,3.267851671034839,p232_039.wav,2.684323616371131,2025-12-03T12:19:22.658,office
3.5991596464976645,2.5,2.379788398742676,3.566239517141881,p232_040.wav,3.0416600600763863,2025-12-03T12:19:24.682,office
2.997490332820003,17.5,2.2505767345428467,3.6837259237923026,p232_041.wav,2.8317404324736803,2025-12-03T12:19:27.218,psquare
3.919558168986529,12.5,2.912541389465332,3.6372041568775146,p232_042.wav,3.2588639744633476,2025-12-03T12:19:27.593,psquare
2.832896756696911,7.5,1.571418285369873,3.6853525698376424,p232_043.wav,2.7123975195662164,2025-12-03T12:19:29.916,psquare
2.049442883298615,2.5,1.23125159740448,3.3168704462990712,p232_044.wav,2.086969760211958,2025-12-03T12:19:30.675,psquare
4.015420610550355,17.5,3.7042529582977295,3.382745541626654,p232_045.wav,3.0828525585515294,2025-12-03T12:19:31.13,bus
3.2172247755827237,12.5,2.0247836112976074,3.4584754695640054,p232_046.wav,2.703051555348572,2025-12-03T12:19:31.822,bus
3.313992686299976,7.5,2.262498140335083,3.510626632807906,p232_047.wav,2.826998547389344,2025-12-03T12:19:33.871,bus
2.5634953618092453,2.5,1.7695730924606323,3.4796774905632994,p232_048.wav,2.4380746408720784,2025-12-03T12:19:35.608,bus
3.60533184301391,17.5,2.6570138931274414,3.601120608036201,p232_049.wav,3.1133504742518685,2025-12-03T12:19:36.562,cafe
2.959015916858678,12.5,1.5726771354675293,3.5260703072235255,p232_050.wav,2.661179734018,2025-12-03T12:19:38.202,cafe
2.0597080041191687,7.5,1.3989369869232178,3.232182451468492,p232_051.wav,2.0872255927520795,2025-12-03T12:19:38.901,cafe
1.152431730615838,2.5,1.1550897359848022,1.2140028427585878,p232_052.wav,1.097769803124851,2025-12-03T12:19:41.476,cafe
3.4154147396707577,17.5,2.403413772583008,3.489778925824921,p232_053.wav,2.8738598648418936,2025-12-03T12:19:42.824,living
3.1711351620319266,12.5,2.021754503250122,3.666455053673052,p232_054.wav,2.8360337829079505,2025-12-03T12:19:44.665,living
3.0443478675690887,7.5,1.804418683052063,3.517992833263356,p232_055.wav,2.7242289049407877,2025-12-03T12:19:45.702,living
1.1589748872298877,2.5,1.2791218757629395,1.2022704849441508,p232_056.wav,1.096112951199952,2025-12-03T12:19:47.445,living
4.009254490919078,17.5,2.994966983795166,3.277394280467269,p232_057.wav,3.0016397263300667,2025-12-03T12:19:50.717,office
3.957200949973025,12.5,3.345877170562744,3.582110875950166,p232_058.wav,3.247213555955785,2025-12-03T12:19:53.698,office
3.9312164253808835,7.5,2.2880799770355225,3.4749640487395785,p232_059.wav,3.095149285662806,2025-12-03T12:19:54.067,office
3.3923857958544104,2.5,2.2028908729553223,3.3383850784868785,p232_060.wav,2.7434546882990762,2025-12-03T12:19:54.559,office
3.6255302534718865,17.5,2.8480522632598877,3.68638326582674,p232_061.wav,3.1909878852037585,2025-12-03T12:19:55.961,psquare
2.9146269512542347,12.5,1.9921875,3.618399582041317,p232_062.wav,2.72971490793467,2025-12-03T12:19:56.633,psquare
3.2831925180210333,7.5,1.9429116249084473,3.5254910971449713,p232_063.wav,2.8304523317766828,2025-12-03T12:19:57.169,psquare
2.1956891577665667,2.5,1.322056531906128,3.0598272367860275,p232_064.wav,2.1210004408184018,2025-12-03T12:20:00.166,psquare
3.157396228003158,17.5,2.323794364929199,3.362084454385872,p232_065.wav,2.668673922982656,2025-12-03T12:20:01.586,bus
2.8563967370052863,12.5,2.6409971714019775,3.6143569505681326,p232_066.wav,2.7250739295439272,2025-12-03T12:20:03.353,bus
3.4667841116914615,7.5,2.5595762729644775,3.6225570154800697,p232_067.wav,3.0156226713100907,2025-12-03T12:20:03.806,bus
3.180192937005896,2.5,1.999526023864746,3.6071563700703515,p232_068.wav,2.8801369166029485,2025-12-03T12:20:04.355,bus
3.3570377032525665,17.5,2.299434185028076,3.6470479184655713,p232_069.wav,3.0122563210938518,2025-12-03T12:20:04.899,cafe
3.1867178514934946,12.5,1.9065414667129517,3.6002236570017776,p232_070.wav,2.8246479744845097,2025-12-03T12:20:05.343,cafe
2.6906674527663763,7.5,1.515068531036377,3.605339021446373,p232_071.wav,2.613710675671023,2025-12-03T12:20:05.886,cafe
1.211442539949488,2.5,1.1545621156692505,1.4223390680088253,p232_072.wav,1.1919733595981834,2025-12-03T12:20:08.358,cafe
3.338975046787075,17.5,2.421778917312622,3.7603782631115057,p232_073.wav,3.01173699982785,2025-12-03T12:20:10.735,living
3.432059930888404,12.5,2.1761319637298584,3.57104664019787,p232_074.wav,2.961367749826543,2025-12-03T12:20:13.473,living
2.6273875175523056,7.5,1.4870107173919678,3.5506182389905456,p232_075.wav,2.5259572471611276,2025-12-03T12:20:13.823,living
1.1933580996597613,2.5,1.186254858970642,1.3697877933487401,p232_076.wav,1.1940679678138701,2025-12-03T12:20:16.206,living
3.908145106679547,17.5,3.118499517440796,3.324166727800476,p232_077.wav,2.986392781522226,2025-12-03T12:20:17.621,office
3.9770488254521235,12.5,3.2772459983825684,3.509341621964198,p232_078.wav,3.1811153868671505,2025-12-03T12:20:18.031,office
3.382509477971965,7.5,2.7085793018341064,3.602535718173232,p232_079.wav,2.9515552585684315,2025-12-03T12:20:18.41,office
3.509652938643089,2.5,1.5997947454452515,3.4749656868764935,p232_080.wav,2.8998812857211127,2025-12-03T12:20:20.99,office
3.3419631284416114,17.5,2.5161075592041016,3.547085650163187,p232_081.wav,2.8924935041571835,2025-12-03T12:20:23.054,psquare
1.1327686533927845,12.5,1.4721286296844482,1.3337061344091161,p232_082.wav,1.1599927133161734,2025-12-03T12:20:24.256,psquare
2.7317317106938983,7.5,1.8656322956085205,3.673774371851257,p232_083.wav,2.664832893431866,2025-12-03T12:20:26.406,psquare
2.362306931415856,2.5,1.2144650220870972,3.4022225706455536,p232_084.wav,2.295574222057522,2025-12-03T12:20:27.527,psquare
3.878012371175493,17.5,3.682663679122925,3.459483439442902,p232_085.wav,3.0925424452086046,2025-12-03T12:20:31.528,bus
4.038508175840378,12.5,3.0805258750915527,3.6166413566101436,p232_086.wav,3.297311064338494,2025-12-03T12:20:34.604,bus
3.8235094896450956,7.5,3.0992794036865234,3.627312049816355,p232_087.wav,3.1898007745866113,2025-12-03T12:20:37.762,bus
2.9443108329510332,2.5,2.149552822113037,3.4382613998858003,p232_088.wav,2.5689037696625068,2025-12-03T12:20:39.01,bus
3.0938607197857295,17.5,1.8674259185791016,3.6871272168806857,p232_089.wav,2.858774757831373,2025-12-03T12:20:42.965,cafe
3.436101664956796,12.5,1.8169076442718506,3.7106649667398894,p232_090.wav,3.0563978468302984,2025-12-03T12:20:46.403,cafe
1.4325878052487975,7.5,1.4495108127593994,2.106090274769865,p232_091.wav,1.4551254082752945,2025-12-03T12:20:48.103,cafe
2.094997114188271,2.5,1.3942677974700928,3.396334072522777,p232_092.wav,2.1831947449609714,2025-12-03T12:20:50.789,cafe
3.1730728789721643,17.5,2.3300321102142334,3.738099248748687,p232_093.wav,2.8999868177341317,2025-12-03T12:20:53.381,living
3.060911108674138,12.5,1.767301082611084,3.561179752576579,p232_094.wav,2.7369313322374573,2025-12-03T12:20:54.319,living
2.314772963739331,7.5,1.1041439771652222,3.5096065783789863,p232_095.wav,2.29713807106243,2025-12-03T12:20:56.994,living
1.6705190259737983,2.5,1.1396714448928833,2.4008376558234823,p232_096.wav,1.6188889266569286,2025-12-03T12:20:58.968,living
3.809985183385143,17.5,2.560629367828369,3.669065116432347,p232_097.wav,3.2814312426888534,2025-12-03T12:20:59.408,office
4.04887186670248,12.5,2.188584566116333,3.636015780121846,p232_098.wav,3.3557099417442533,2025-12-03T12:20:59.811,office
3.503481350580392,7.5,2.909065008163452,3.641561549571476,p232_099.wav,3.069062067315163,2025-12-03T12:21:00.81,office
3.035022010979656,2.5,2.1572694778442383,3.439771171877273,p232_100.wav,2.6452998110856085,2025-12-03T12:21:02.269,office
3.683859372610827,17.5,2.493471622467041,3.718689908488091,p232_101.wav,3.217395473712568,2025-12-03T12:21:04.74,psquare
3.8744079764639583,12.5,2.305968999862671,3.514431956079695,p232_102.wav,3.125642363455706,2025-12-03T12:21:07.955,psquare
2.760354180247389,7.5,1.5569303035736084,3.6144289179096374,p232_103.wav,2.629709727331412,2025-12-03T12:21:10.439,psquare
2.618120051986771,2.5,1.2876226902008057,3.466777008325605,p232_104.wav,2.4663411817759653,2025-12-03T12:21:13.98,psquare
3.9658653582954573,17.5,3.4876301288604736,3.5209663931888984,p232_105.wav,3.180561960543293,2025-12-03T12:21:16.555,bus
3.6111988458376585,12.5,3.3509678840637207,3.652469175947657,p232_106.wav,3.0951603974793023,2025-12-03T12:21:16.922,bus
3.2405758429692217,7.5,2.965924024581909,3.570348015661328,p232_107.wav,2.834427686868045,2025-12-03T12:21:17.282,bus
3.136688787985897,2.5,1.9063475131988525,3.525963649790349,p232_108.wav,2.7640759787261366,2025-12-03T12:21:18.649,bus
3.585566619171907,17.5,2.2714662551879883,3.7830355884779907,p232_109.wav,3.2609577798214744,2025-12-03T12:21:20.166,cafe
1.9839369010432362,12.5,1.394728183746338,3.5138811933516956,p232_110.wav,2.1658864837909904,2025-12-03T12:21:22.716,cafe
2.7988109197461135,7.5,1.7848231792449951,3.4142359358338408,p232_112.wav,2.5340407180780167,2025-12-03T12:21:24.089,cafe
1.4013981348634308,2.5,1.2703090906143188,1.9543440930676046,p232_113.wav,1.393840959611564,2025-12-03T12:21:24.451,cafe
3.457075357609259,17.5,2.253366231918335,3.6134074667980474,p232_114.wav,3.021499753254711,2025-12-03T12:21:25.517,living
3.0667638357633744,12.5,2.0529603958129883,3.5759772001147416,p232_115.wav,2.7238120049725167,2025-12-03T12:21:25.93,living
3.377164972194663,7.5,1.589025855064392,3.528645873598036,p232_116.wav,2.8801900872999817,2025-12-03T12:21:28.299,living
1.4744634359372581,2.5,1.1309391260147095,2.1315452546767775,p232_117.wav,1.4287873111646856,2025-12-03T12:21:30.087,living
4.093733088978535,17.5,3.2245752811431885,3.625892522757282,p232_118.wav,3.3591982441547175,2025-12-03T12:21:31.581,office
3.914136773742181,12.5,2.8304154872894287,3.5219919865693483,p232_119.wav,3.1737156338851396,2025-12-03T12:21:32.608,office
3.6671460815899604,7.5,2.6592586040496826,3.390423754468423,p232_120.wav,2.924084164731561,2025-12-03T12:21:33.405,office
3.086201408095834,2.5,1.4086840152740479,3.5419908885219216,p232_121.wav,2.814673568876639,2025-12-03T12:21:34.438,office
3.7369656808896723,17.5,2.8205268383026123,3.6922475857077712,p232_123.wav,3.22054351059845,2025-12-03T12:21:36.541,psquare
3.2381629984229825,12.5,2.1089649200439453,3.6307262002917824,p232_124.wav,2.8796182486911697,2025-12-03T12:21:37.241,psquare
2.9854996463595533,7.5,1.774827480316162,3.5998422390598104,p232_125.wav,2.7098015795951977,2025-12-03T12:21:39.088,psquare
2.7947669509933206,2.5,1.390134572982788,3.517186781394963,p232_126.wav,2.567844218621016,2025-12-03T12:21:41.682,psquare
3.849297554840691,17.5,3.743819236755371,3.115782352466487,p232_127.wav,2.7783007865699605,2025-12-03T12:21:43.747,bus
3.268441749615577,12.5,1.9843695163726807,3.537910368129889,p232_128.wav,2.7900981149286235,2025-12-03T12:21:44.587,bus
3.3065753267996825,7.5,2.5165231227874756,3.603681234022445,p232_129.wav,2.92068650565077,2025-12-03T12:21:46.442,bus
3.1896595869689475,2.5,1.6449780464172363,3.6603536818680507,p232_130.wav,2.9033734209638387,2025-12-03T12:21:46.798,bus
3.6221597232836857,17.5,2.319797992706299,3.6936899627268205,p232_131.wav,3.180875705385422,2025-12-03T12:21:47.832,cafe
2.7137543830367514,12.5,1.9515023231506348,3.56068886836344,p232_132.wav,2.543520572975339,2025-12-03T12:21:49.541,cafe
2.3673612875917223,7.5,1.1742724180221558,3.5721153136891317,p232_133.wav,2.3536957731333246,2025-12-03T12:21:50.157,cafe
1.277274943886305,2.5,1.2153280973434448,1.6939455588299226,p232_134.wav,1.292733830005165,2025-12-03T12:21:52.142,cafe
3.5591728093342105,17.5,2.611008644104004,3.646683330687973,p232_135.wav,3.0547721550221563,2025-12-03T12:21:54.329,living
2.2518430328002235,12.5,1.531428337097168,2.930915282565546,p232_136.wav,2.1329645860307536,2025-12-03T12:21:56.613,living
3.1014543077587384,7.5,1.7309215068817139,3.5069853361360543,p232_137.wav,2.74706101703665,2025-12-03T12:21:57.93,living
2.6309411232002122,2.5,1.5073928833007812,3.4259238987983327,p232_138.wav,2.4743816701485852,2025-12-03T12:21:59.022,living
4.05693920983139,17.5,3.4538025856018066,3.487234320991406,p232_139.wav,3.2056130651483614,2025-12-03T12:22:02.479,office
3.346414660005508,12.5,2.8032066822052,3.209131166130098,p232_140.wav,2.6263437654978556,2025-12-03T12:22:03.704,office
3.4703252090873167,7.5,2.68074107170105,3.4104853097257655,p232_141.wav,2.828794284147964,2025-12-03T12:22:05.406,office
3.3103081998445933,2.5,1.9240094423294067,3.5623824578546466,p232_142.wav,2.89261907634289,2025-12-03T12:22:05.919,office
2.985181053162414,17.5,2.5018444061279297,3.6249402426152697,p232_143.wav,2.7443853371545344,2025-12-03T12:22:07.682,psquare
3.204227441697963,12.5,2.2999894618988037,3.5465888841633992,p232_144.wav,2.8044290452968275,2025-12-03T12:22:08.177,psquare
2.586527412199191,7.5,1.6161141395568848,3.3877062211505997,p232_145.wav,2.412075434217606,2025-12-03T12:22:08.572,psquare
2.876335452749642,2.5,1.833871841430664,3.4271085405454267,p232_146.wav,2.5621556265372094,2025-12-03T12:22:11.975,psquare
3.7834770152090513,17.5,3.9732656478881836,3.488566590295979,p232_147.wav,3.057629650490098,2025-12-03T12:22:12.334,bus
3.879114653967424,12.5,3.2818877696990967,3.617554263914215,p232_148.wav,3.2220244196967975,2025-12-03T12:22:14.884,bus
3.7974976477466535,7.5,3.248690128326416,3.6188772753759593,p232_150.wav,3.1637680825995664,2025-12-03T12:22:18.883,bus
2.833804681441084,2.5,1.4454494714736938,3.5436118065048445,p232_151.wav,2.568831380391821,2025-12-03T12:22:19.601,bus
2.9322392307884764,17.5,1.8914992809295654,3.485751838240779,p232_152.wav,2.6217650620783943,2025-12-03T12:22:21.595,cafe
2.291991956786785,12.5,1.65768301486969,3.590755949459446,p232_153.wav,2.350462879450092,2025-12-03T12:22:24.039,cafe
2.1014511450161475,7.5,1.2514795064926147,3.471700587875403,p232_154.wav,2.17921398260143,2025-12-03T12:22:24.407,cafe
1.4417685881787423,2.5,1.144382119178772,2.5218940904408234,p232_155.wav,1.5112734384452586,2025-12-03T12:22:24.914,cafe
2.8775646440581104,17.5,2.3028042316436768,3.369144861134805,p232_156.wav,2.534877243528218,2025-12-03T12:22:28.053,living
3.071144122509759,12.5,1.6724300384521484,3.628504121981946,p232_158.wav,2.7876898542678625,2025-12-03T12:22:28.495,living
3.1058198238755232,7.5,1.6456553936004639,3.592961158679166,p232_159.wav,2.7546572666786986,2025-12-03T12:22:31.954,living
1.3958212842102535,2.5,1.080418348312378,2.21929349072727,p232_160.wav,1.4443727768699943,2025-12-03T12:22:34.739,living
3.9489058951457148,17.5,3.360086679458618,3.5928626561277626,p232_161.wav,3.2545314821695497,2025-12-03T12:22:35.136,office
3.87258996907762,12.5,2.874915599822998,3.380007035734069,p232_162.wav,3.017326042574654,2025-12-03T12:22:36.493,office
3.7552112421602173,7.5,2.791757583618164,3.553759174351584,p232_163.wav,3.0980769206623093,2025-12-03T12:22:39.066,office
3.129525692446112,2.5,1.788221001625061,3.4562383639321363,p232_164.wav,2.7449817768074927,2025-12-03T12:22:39.431,office
3.0804752166070983,17.5,2.198054790496826,3.538123637875343,p232_165.wav,2.7386198782761926,2025-12-03T12:22:41.224,psquare
3.61957392970613,12.5,2.8072173595428467,3.6424567190198673,p232_167.wav,3.1319280112270693,2025-12-03T12:22:41.578,psquare
3.355551450382567,7.5,1.7183139324188232,3.66831393653052,p232_169.wav,2.9714251524154904,2025-12-03T12:22:43.168,psquare
2.5835163010185695,2.5,1.2913280725479126,3.5285989560757476,p232_170.wav,2.512436171923709,2025-12-03T12:22:45.602,psquare
3.7656264595283253,17.5,2.682924270629883,3.6313093158848417,p232_171.wav,3.174140338110529,2025-12-03T12:22:49.953,bus
3.7614923043965653,12.5,3.7387754917144775,3.3189807606818893,p232_172.wav,2.8809855343559296,2025-12-03T12:22:53.367,bus
3.1982253226863326,7.5,2.118117332458496,3.535848293500803,p232_173.wav,2.7527595994077507,2025-12-03T12:22:57.984,bus
2.7083097590831122,2.5,1.55879807472229,3.5597603634196355,p232_174.wav,2.586756059371838,2025-12-03T12:23:02.438,bus
3.6973596033060736,17.5,2.308363914489746,3.655969016927031,p232_175.wav,3.1786077849351457,2025-12-03T12:23:04.292,cafe
3.0379796465441187,12.5,1.469919204711914,3.6680143484933536,p232_176.wav,2.808376828529302,2025-12-03T12:23:05.362,cafe
1.9753470121245171,7.5,1.3586336374282837,3.383658430051046,p232_177.wav,2.0875856898465384,2025-12-03T12:23:09.807,cafe
2.328365886442931,2.5,1.245887279510498,3.329617395062839,p232_178.wav,2.251252392420699,2025-12-03T12:23:14.775,cafe
3.4772799204595595,17.5,2.0289392471313477,3.720837062970172,p232_179.wav,3.0926469907428245,2025-12-03T12:23:16.967,living
3.089914403227665,12.5,2.054103374481201,3.658044531697788,p232_180.wav,2.8261625479113386,2025-12-03T12:23:19.075,living
2.8380200616392766,7.5,1.7434594631195068,3.695162668274223,p232_181.wav,2.7293656548936305,2025-12-03T12:23:21.781,living
1.3383264251693643,2.5,1.3024404048919678,1.8027499407091483,p232_182.wav,1.3435505146714628,2025-12-03T12:23:22.355,living
3.9328143635186885,17.5,3.015674114227295,3.3859928759636944,p232_183.wav,3.0617282208016525,2025-12-03T12:23:26.212,office
3.6320045430409658,12.5,2.617154836654663,3.585954076676653,p232_184.wav,3.048933709846932,2025-12-03T12:23:29.722,office
3.353908484794438,7.5,2.3551695346832275,3.4914712154481076,p232_185.wav,2.85301671240535,2025-12-03T12:23:30.401,office
2.4248731406684527,2.5,1.3963524103164673,3.282986544463307,p232_186.wav,2.327826245524046,2025-12-03T12:23:32.738,office
2.7543354637079895,17.5,2.151655912399292,3.5180498446431523,p232_187.wav,2.555618729830851,2025-12-03T12:23:33.687,psquare
3.1066950616154347,12.5,2.3693389892578125,3.546446797150363,p232_188.wav,2.732542953553061,2025-12-03T12:23:35.772,psquare
2.773330014711839,7.5,1.6766295433044434,3.5946281046150856,p232_189.wav,2.607321810689654,2025-12-03T12:23:36.259,psquare
2.1346328151239353,2.5,1.5120975971221924,3.187066028133517,p232_190.wav,2.11450344068241,2025-12-03T12:23:38.351,psquare
3.836514982177102,17.5,3.13651442527771,3.5672687615695797,p232_191.wav,3.1712101238422545,2025-12-03T12:23:41.002,bus
3.046081881975781,12.5,2.3882486820220947,3.62157674748009,p232_193.wav,2.71931268030291,2025-12-03T12:23:41.372,bus
3.2363044573075976,7.5,2.0997626781463623,3.6243362845785754,p232_194.wav,2.901256935413647,2025-12-03T12:23:43.085,bus
3.242989017469598,2.5,2.643808126449585,3.6235744624775603,p232_195.wav,2.917207738297902,2025-12-03T12:23:43.448,bus
3.1766977698250995,17.5,2.2913854122161865,3.5307575028837674,p232_196.wav,2.7634991641884703,2025-12-03T12:23:45.974,cafe
3.1445157339501226,12.5,2.220048666000366,3.649854758497769,p232_197.wav,2.8408848753873266,2025-12-03T12:23:48.349,cafe
2.583630494818049,7.5,1.4554460048675537,3.5347000547923266,p232_198.wav,2.4557834396888,2025-12-03T12:23:48.716,cafe
1.5843038930777082,2.5,1.1689589023590088,2.354430669881271,p232_199.wav,1.5036192066524467,2025-12-03T12:23:49.112,cafe
3.5288502232132473,17.5,2.4770560264587402,3.57190461485353,p232_200.wav,3.0304889566021407,2025-12-03T12:23:50.974,living
3.020861367605536,12.5,2.1740188598632812,3.574906416332112,p232_201.wav,2.7741489322466975,2025-12-03T12:23:51.362,living
3.061376627716482,7.5,1.5383093357086182,3.672468837520592,p232_202.wav,2.854055786212223,2025-12-03T12:23:52.643,living
1.660171426432279,2.5,1.1073535680770874,2.8754577713840375,p232_203.wav,1.7222671546879131,2025-12-03T12:23:55.611,living
4.009213335507199,17.5,3.68647837638855,3.511103363631861,p232_204.wav,3.2058178006284828,2025-12-03T12:23:57.475,office
3.898573958216771,12.5,3.512376546859741,3.444021806624307,p232_205.wav,3.0785014084534614,2025-12-03T12:23:59.752,office
3.819869923451444,7.5,2.6469690799713135,3.432748775020007,p232_206.wav,3.017062384991113,2025-12-03T12:24:00.113,office
3.526762707116154,2.5,1.691282033920288,3.421285017088024,p232_207.wav,2.854898038769546,2025-12-03T12:24:01.22,office
3.3786041027345024,17.5,2.867921829223633,3.538870761291012,p232_208.wav,2.8884196310433556,2025-12-03T12:24:01.816,psquare
2.8076201755884074,12.5,2.449441432952881,3.364477142550852,p232_209.wav,2.4859022886504984,2025-12-03T12:24:02.515,psquare
2.7165124118530994,7.5,1.9907889366149902,3.1543072298544383,p232_210.wav,2.2919733545239596,2025-12-03T12:24:03.67,psquare
2.76770650265576,2.5,1.2228448390960693,3.4012723542914416,p232_211.wav,2.487072649257467,2025-12-03T12:24:04.375,psquare
4.002697232797035,17.5,3.3434059619903564,3.580524952931586,p232_213.wav,3.255330923593316,2025-12-03T12:24:04.736,bus
3.5017800685622915,12.5,2.5788214206695557,3.5994541949520973,p232_214.wav,3.0137835258131105,2025-12-03T12:24:06.972,bus
3.6641055812541685,7.5,2.5416080951690674,3.454540801996206,p232_215.wav,2.984177661208623,2025-12-03T12:24:07.32,bus
3.1474059310492226,2.5,1.7102203369140625,3.517782875461259,p232_216.wav,2.768024287024346,2025-12-03T12:24:08.359,bus
3.108957686380624,17.5,2.5980703830718994,3.5158728855701464,p232_217.wav,2.720671632984628,2025-12-03T12:24:09.392,cafe
2.9084580781113076,12.5,1.8900389671325684,3.467697908649464,p232_218.wav,2.591679389915409,2025-12-03T12:24:12.141,cafe
2.7695995596142167,7.5,1.5299885272979736,3.593885556268825,p232_219.wav,2.604164900010382,2025-12-03T12:24:13.502,cafe
3.020578577863462,2.5,1.2450768947601318,3.656701978270789,p232_220.wav,2.8098402945722283,2025-12-03T12:24:15.673,cafe
3.249356301750373,17.5,1.902633547782898,3.68279488313631,p232_221.wav,2.8955192459885994,2025-12-03T12:24:17.054,living
2.6093766645319634,12.5,1.9172879457473755,3.4341415467187573,p232_223.wav,2.442266442140412,2025-12-03T12:24:17.422,living
2.7286217712272385,7.5,1.6563514471054077,3.1758644851461466,p232_224.wav,2.403541780070885,2025-12-03T12:24:20.269,living
1.8332134207413666,2.5,1.2861160039901733,2.488388749492062,p232_225.wav,1.7034020974500912,2025-12-03T12:24:21.824,living
4.02760339429016,17.5,3.4602503776550293,3.569995941476233,p232_226.wav,3.2764038328710217,2025-12-03T12:24:22.188,office
3.8381578000834136,12.5,2.8292102813720703,3.4334011785859815,p232_227.wav,3.0224945624096597,2025-12-03T12:24:23.417,office
3.387398684161773,7.5,2.61008882522583,3.1909468901355202,p232_228.wav,2.6157144071940444,2025-12-03T12:24:24.758,office
3.1505743400715533,2.5,2.3374433517456055,3.1063527466567087,p232_229.wav,2.4735160509231684,2025-12-03T12:24:26.99,office
3.2733933419781196,17.5,2.226816177368164,3.6627039226633173,p232_230.wav,2.9128280707073912,2025-12-03T12:24:29.021,psquare
3.148395014634293,12.5,2.4454870223999023,3.5110698465976777,p232_231.wav,2.749526949672752,2025-12-03T12:24:31.562,psquare
3.036607152384047,7.5,1.677539587020874,3.6118356367136797,p232_232.wav,2.7923910470080666,2025-12-03T12:24:34.096,psquare
2.603506987209839,2.5,1.3391971588134766,3.3081344052648514,p232_234.wav,2.3586665617522105,2025-12-03T12:24:35.107,psquare
3.9972967732938813,17.5,3.1114795207977295,3.6312550846330516,p232_235.wav,3.31732027175383,2025-12-03T12:24:37.394,bus
3.5341247957476356,12.5,2.8600614070892334,3.505129781697623,p232_236.wav,2.9215583313141025,2025-12-03T12:24:38.434,bus
3.8440088531413035,7.5,3.0030226707458496,3.4725923762771314,p232_237.wav,3.073329408863277,2025-12-03T12:24:39.145,bus
3.788114669864388,2.5,3.294717311859131,3.404221697774002,p232_238.wav,2.953298620660723,2025-12-03T12:24:39.509,bus
3.3661567153947387,17.5,1.6928808689117432,3.6996828028095456,p232_239.wav,2.9954655657642535,2025-12-03T12:24:41.3,cafe
3.2850930947695005,12.5,2.202747344970703,3.7168396526162666,p232_240.wav,3.0056956363153566,2025-12-03T12:24:42.681,cafe
1.1607758778600523,7.5,1.3774348497390747,1.3354594070832622,p232_241.wav,1.1662306664946318,2025-12-03T12:24:43.717,cafe
1.3680196427459062,2.5,1.2398772239685059,2.367308826555213,p232_242.wav,1.4465473245301834,2025-12-03T12:24:45.087,cafe
3.2799482130021893,17.5,2.6005260944366455,3.43485250421357,p232_243.wav,2.693677937856021,2025-12-03T12:24:47.335,living
3.176353024708324,12.5,1.911182165145874,3.544335807054098,p232_244.wav,2.771534243760711,2025-12-03T12:24:48.739,living
3.214220140284475,7.5,1.6709718704223633,3.4344882331354603,p232_245.wav,2.7605973486810464,2025-12-03T12:24:51.161,living
1.1850577576193446,2.5,1.2902957201004028,1.221601273437775,p232_246.wav,1.113241166351875,2025-12-03T12:24:51.548,living
3.774462736903698,17.5,3.1933276653289795,3.3973006138287722,p232_247.wav,2.9793847196187127,2025-12-03T12:24:52.92,office
3.7139208899073903,12.5,3.086202621459961,3.5936265353596006,p232_248.wav,3.13500193908435,2025-12-03T12:24:54.617,office
3.575362710004434,7.5,2.1711413860321045,3.4831536622610555,p232_249.wav,2.9346507995686215,2025-12-03T12:24:55.287,office
3.37465404714901,2.5,2.1606528759002686,3.5673686436424186,p232_250.wav,2.9079356249088133,2025-12-03T12:24:56.124,office
3.867735464830962,17.5,2.852330207824707,3.6449021410408626,p232_251.wav,3.2418750507733303,2025-12-03T12:24:57.481,psquare
3.3457400544598572,12.5,2.349609136581421,3.65165494712158,p232_252.wav,2.9710414609689186,2025-12-03T12:24:58.449,psquare
2.7356237150833955,7.5,1.5237727165222168,3.5659047374089643,p232_253.wav,2.558417357774335,2025-12-03T12:24:59.467,psquare
2.6698772333309044,2.5,1.2920786142349243,3.487568869885285,p232_254.wav,2.5195642346425613,2025-12-03T12:25:00.325,psquare
3.6967140203945132,17.5,2.987828254699707,3.5749930082959267,p232_255.wav,3.072252978573318,2025-12-03T12:25:01.005,bus
3.425877960310843,12.5,2.9126245975494385,3.599675764151176,p232_256.wav,2.985102868571906,2025-12-03T12:25:03.39,bus
3.6484038309682596,7.5,2.3494315147399902,3.667298239846944,p232_257.wav,3.143434733807513,2025-12-03T12:25:05.088,bus
2.928975182352583,2.5,1.6946945190429688,3.3640366429091912,p232_258.wav,2.5013392806731254,2025-12-03T12:25:05.791,bus
3.731345714994871,17.5,2.5298573970794678,3.426433139606735,p232_259.wav,3.0363038892424714,2025-12-03T12:25:08.009,cafe
2.573467619629762,12.5,1.766357183456421,3.6075764212809736,p232_260.wav,2.533363820266854,2025-12-03T12:25:08.709,cafe
2.1848258914818994,7.5,1.2811901569366455,3.2595987858508013,p232_261.wav,2.1429248965875343,2025-12-03T12:25:09.755,cafe
1.903727336908335,2.5,1.1367261409759521,3.372179215315111,p232_263.wav,2.029820913056839,2025-12-03T12:25:10.591,cafe
3.538329897000757,17.5,2.684767723083496,3.6138647739199623,p232_264.wav,3.015498938361636,2025-12-03T12:25:11.813,living
3.1821493514350094,12.5,1.768488883972168,3.66737914768203,p232_265.wav,2.86067320960607,2025-12-03T12:25:13.841,living
3.115689025761078,7.5,1.8097898960113525,3.6545994212995456,p232_266.wav,2.8656687945228683,2025-12-03T12:25:14.207,living
1.8999457587439565,2.5,1.1836025714874268,2.7338153171869273,p232_267.wav,1.8094155365013007,2025-12-03T12:25:15.943,living
4.012990085593093,17.5,3.6119372844696045,3.531762145292011,p232_268.wav,3.2217060230822407,2025-12-03T12:25:18.53,office
3.532041679214299,12.5,3.09869647026062,3.642067877092292,p232_269.wav,3.081170878502414,2025-12-03T12:25:19.395,office
3.7989919916042587,7.5,2.8080625534057617,3.408989224571179,p232_270.wav,2.9865414762158404,2025-12-03T12:25:20.441,office
3.579015464620558,2.5,2.2848973274230957,3.499209919901726,p232_271.wav,2.9825468297109716,2025-12-03T12:25:21.367,office
3.4262084686603553,17.5,2.8296141624450684,3.5663884219775572,p232_272.wav,2.9410933678892066,2025-12-03T12:25:23.812,psquare
3.104179221251352,12.5,2.0989184379577637,3.6632536432457647,p232_273.wav,2.8363166069843695,2025-12-03T12:25:24.225,psquare
2.4349187022712573,7.5,1.6543455123901367,3.4758347569386654,p232_274.wav,2.3666764990727134,2025-12-03T12:25:25.322,psquare
2.43362572533602,2.5,1.295661449432373,3.3845506952301867,p232_275.wav,2.2988523154096003,2025-12-03T12:25:26.771,psquare
3.5367188626998867,17.5,3.1877291202545166,3.6866708383056976,p232_276.wav,3.103945509620652,2025-12-03T12:25:27.291,bus
3.7822605360920023,12.5,2.3014955520629883,3.6274941470165505,p232_277.wav,3.2022658423963244,2025-12-03T12:25:28.557,bus
3.8590608968622107,7.5,3.2535622119903564,3.545067124389916,p232_278.wav,3.131907577917565,2025-12-03T12:25:29.058,bus
2.0219289407437024,2.5,1.1856328248977661,3.2533035003010493,p232_279.wav,2.0273582438636266,2025-12-03T12:25:29.424,bus
2.713428706683363,17.5,1.65496826171875,3.6555213174255763,p232_280.wav,2.637731079753381,2025-12-03T12:25:30.648,cafe
2.23646394412597,12.5,1.613631010055542,3.3235605514304383,p232_281.wav,2.2024090300863763,2025-12-03T12:25:32.637,cafe
3.353305540860717,7.5,2.040738344192505,3.697638482451655,p232_282.wav,3.0261159391850447,2025-12-03T12:25:34.647,cafe
1.4633404339619382,2.5,1.2487940788269043,2.4095752023435937,p232_283.wav,1.4952433978794883,2025-12-03T12:25:36.515,cafe
3.584472481139516,17.5,2.5733120441436768,3.7355397943350614,p232_284.wav,3.173907243703228,2025-12-03T12:25:36.908,living
2.651962319796641,12.5,2.1441609859466553,3.4726824951764135,p232_285.wav,2.4362044643411385,2025-12-03T12:25:39.333,living
2.682683483548287,7.5,1.551740050315857,3.4636427415464333,p232_286.wav,2.5003768950679413,2025-12-03T12:25:45.027,living
2.5938630929032906,2.5,1.3310649394989014,3.44543768578302,p232_287.wav,2.439557460098644,2025-12-03T12:25:49.118,living
3.6393487588919418,17.5,3.4802746772766113,3.390316461093861,p232_288.wav,2.928018890072175,2025-12-03T12:25:51.026,office
4.06726783637782,12.5,3.408416748046875,3.598851564180134,p232_289.wav,3.312249698057974,2025-12-03T12:25:53.055,office
3.5533356389836355,7.5,2.8627681732177734,3.5000414829567488,p232_290.wav,2.9518705301374855,2025-12-03T12:25:55.591,office
3.8142567753870997,2.5,2.220731258392334,3.57296362952698,p232_291.wav,3.1149702206197047,2025-12-03T12:25:56.133,office
3.7352722878454303,17.5,2.730081796646118,3.691535591754049,p232_292.wav,3.2610862321331973,2025-12-03T12:25:56.636,psquare
2.84993087385674,12.5,1.9808334112167358,3.5699479968417167,p232_293.wav,2.6571315206574995,2025-12-03T12:25:58.58,psquare
3.0787469675055434,7.5,1.6876494884490967,3.5898386824916155,p232_294.wav,2.8008622415662527,2025-12-03T12:26:00.6,psquare
2.2463259070007044,2.5,1.3135398626327515,3.148867441311013,p232_295.wav,2.1280325675211578,2025-12-03T12:26:02.056,psquare
3.244253230074842,17.5,2.9581806659698486,3.6435767763557325,p232_296.wav,2.925324123859863,2025-12-03T12:26:05.313,bus
3.969408383229269,12.5,3.233556032180786,3.612546578445721,p232_297.wav,3.2549025062869754,2025-12-03T12:26:08.663,bus
3.075299663840403,7.5,2.123018980026245,3.309161372912014,p232_298.wav,2.537214694454677,2025-12-03T12:26:10.156,bus
3.4365725497964896,2.5,2.4195547103881836,3.4955967238257486,p232_299.wav,2.890765075342847,2025-12-03T12:26:12.152,bus
2.881957790993198,17.5,2.248243570327759,3.544970319838516,p232_300.wav,2.644832877839171,2025-12-03T12:26:13.953,cafe
3.050115408867054,12.5,1.9083977937698364,3.6336776573646317,p232_301.wav,2.8115171506130356,2025-12-03T12:26:14.546,cafe
1.083792827476187,7.5,1.2718305587768555,1.2763832180543784,p232_302.wav,1.1849008491750115,2025-12-03T12:26:16.351,cafe
1.2964403772408037,2.5,1.1679719686508179,1.7010556333813298,p232_303.wav,1.2819651753345174,2025-12-03T12:26:19.116,cafe
2.642438564878585,17.5,1.9886887073516846,3.4584465484436535,p232_305.wav,2.4271017660260483,2025-12-03T12:26:20.417,living
1.263018298793369,12.5,1.5583105087280273,1.3066249252719646,p232_306.wav,1.127956201382672,2025-12-03T12:26:22.839,living
1.399931704109135,7.5,1.1899207830429077,2.1523554824273785,p232_307.wav,1.4582327036700642,2025-12-03T12:26:25.552,living
1.4903517946117788,2.5,1.356760025024414,2.200809165941115,p232_308.wav,1.3793730582275432,2025-12-03T12:26:28.707,living
4.017843406785878,17.5,3.5795047283172607,3.5733308211994332,p232_309.wav,3.250787710460783,2025-12-03T12:26:29.071,office
3.493993995060235,12.5,2.567013740539551,3.2511855414330615,p232_310.wav,2.7269299728201988,2025-12-03T12:26:29.75,office
3.836705337369555,7.5,2.7121939659118652,3.4706631330277022,p232_311.wav,3.0617604143546044,2025-12-03T12:26:32.509,office
3.3134917427986723,2.5,2.013953447341919,3.3960837500251086,p232_312.wav,2.7329457109203146,2025-12-03T12:26:33.362,office
3.342753823993489,17.5,2.6646764278411865,3.582893083346653,p232_313.wav,2.924152671669,2025-12-03T12:26:36.758,psquare
3.0825996790363406,12.5,1.6836934089660645,3.4476655511479875,p232_314.wav,2.693183876006851,2025-12-03T12:26:39.097,psquare
3.1379797821578177,7.5,1.871250033378601,3.5446933828249274,p232_315.wav,2.7947681421880226,2025-12-03T12:26:40.304,psquare
2.7825933932495546,2.5,1.131213903427124,3.4460949005660373,p232_316.wav,2.5161169527057976,2025-12-03T12:26:42.35,psquare
3.8619004937321924,17.5,3.2274112701416016,3.6298073982069865,p232_317.wav,3.2489856293154182,2025-12-03T12:26:42.854,bus
3.5862389794878142,12.5,2.798938512802124,3.35582370593966,p232_318.wav,2.84190436462079,2025-12-03T12:26:43.373,bus
3.5318626714614356,7.5,3.0611844062805176,3.6463280237139326,p232_319.wav,3.0848946553517353,2025-12-03T12:26:43.898,bus
3.4787963856725757,2.5,1.8906428813934326,3.4371598727006263,p232_320.wav,2.8679869434246243,2025-12-03T12:26:47.722,bus
3.540994160005408,17.5,2.3660714626312256,3.649282199668107,p232_321.wav,3.1021546094647903,2025-12-03T12:26:48.237,cafe
2.6358378419345585,12.5,1.5725781917572021,3.3646087518726246,p232_322.wav,2.4383952172731074,2025-12-03T12:26:48.768,cafe
2.292262477963375,7.5,1.3240598440170288,3.383761369444867,p232_323.wav,2.236141560678317,2025-12-03T12:26:52.268,cafe
2.119035817686828,2.5,1.2840385437011719,3.292393130065745,p232_324.wav,2.1019675481729574,2025-12-03T12:26:52.704,cafe
3.170020206515025,17.5,2.210598945617676,3.4256701811504997,p232_325.wav,2.6993156599891015,2025-12-03T12:26:55.309,living
2.781265140460979,12.5,1.925837755203247,3.562544794266035,p232_326.wav,2.61542339871886,2025-12-03T12:26:57.343,living
3.059470559694817,7.5,1.5663130283355713,3.6072078972560653,p232_327.wav,2.7795694471587287,2025-12-03T12:26:57.804,living
1.5358317125009333,2.5,1.222560167312622,2.6288171368483386,p232_328.wav,1.58830668938436,2025-12-03T12:26:58.296,living
3.966869026812264,17.5,3.1580793857574463,3.4556492730706103,p232_329.wav,3.138236094241794,2025-12-03T12:27:00.489,office
3.883747380438599,12.5,2.6606926918029785,3.3715905622484663,p232_330.wav,2.996463933938892,2025-12-03T12:27:03.607,office
3.2573584067298587,7.5,2.9371910095214844,3.2497829752047336,p232_331.wav,2.5832797135289045,2025-12-03T12:27:03.954,office
3.4345174626163124,2.5,2.1769893169403076,3.400081438837458,p232_332.wav,2.8333988647159565,2025-12-03T12:27:06.747,office
3.3796268642388796,17.5,2.711333751678467,3.5322125454700366,p232_333.wav,2.905032502014418,2025-12-03T12:27:09.385,psquare
3.2193958831875613,12.5,2.127962350845337,3.5828376230179835,p232_334.wav,2.8490245730458468,2025-12-03T12:27:10.445,psquare
2.92424487216125,7.5,1.3807809352874756,3.6758716576404318,p232_335.wav,2.7578254756468694,2025-12-03T12:27:13.713,psquare
2.8836915996680528,2.5,1.3347324132919312,3.4182032859667424,p232_336.wav,2.54418018647835,2025-12-03T12:27:15.27,psquare
3.6732680848079626,17.5,3.4311749935150146,3.699143930833791,p232_337.wav,3.2033846942555995,2025-12-03T12:27:16.482,bus
3.788505957314303,12.5,2.5184712409973145,3.5854056686057043,p232_338.wav,3.1603588571155137,2025-12-03T12:27:17.066,bus
3.8332816874886095,7.5,3.0858473777770996,3.42316085400776,p232_339.wav,3.006347585125907,2025-12-03T12:27:20.513,bus
3.1762108243245066,2.5,1.957281231880188,3.285161625797863,p232_340.wav,2.588417244028318,2025-12-03T12:27:21.624,bus
3.412170316937883,17.5,1.7297812700271606,3.644119468597598,p232_341.wav,3.0207780123291204,2025-12-03T12:27:22.029,cafe
2.0341194574411805,12.5,1.2892277240753174,3.2458574690779876,p232_342.wav,2.130485066794305,2025-12-03T12:27:22.609,cafe
2.3319076608719884,7.5,1.2943603992462158,3.544701176229431,p232_343.wav,2.350329956761366,2025-12-03T12:27:25.939,cafe
1.4248660373498978,2.5,1.1903190612792969,1.8836292187504702,p232_344.wav,1.3324485267678496,2025-12-03T12:27:27.991,cafe
3.610517931908386,17.5,2.626591444015503,3.602081718392513,p232_346.wav,3.07104057954364,2025-12-03T12:27:32.677,living
3.1011121302995748,12.5,1.9239637851715088,3.5513527891340733,p232_347.wav,2.7399272572296356,2025-12-03T12:27:35.649,living
2.18469509062373,7.5,1.4575614929199219,3.404073006810514,p232_348.wav,2.2314538814611478,2025-12-03T12:27:36.283,living
2.5390172105268083,2.5,1.2817749977111816,3.521669333170612,p232_349.wav,2.471915141148972,2025-12-03T12:27:36.959,living
4.141722990745809,17.5,4.243951797485352,3.549706487629454,p232_350.wav,3.301079705329099,2025-12-03T12:27:38.883,office
3.7306420281784485,12.5,3.272372007369995,3.467860433536594,p232_351.wav,3.0404376551906394,2025-12-03T12:27:42.341,office
3.554343348654111,7.5,2.7475972175598145,3.5893668970752075,p232_352.wav,3.004717819254918,2025-12-03T12:27:45.432,office
3.497129728538988,2.5,2.2289934158325195,3.440941918127132,p232_353.wav,2.8629072992796774,2025-12-03T12:27:45.791,office
3.073533730631378,17.5,2.7550065517425537,3.5765726687670245,p232_354.wav,2.7453535030229625,2025-12-03T12:27:47.44,psquare
2.991897539276318,12.5,2.0501246452331543,3.709292434065965,p232_355.wav,2.83533268283573,2025-12-03T12:27:48.735,psquare
2.969141319758724,7.5,1.508970022201538,3.6414334115390856,p232_356.wav,2.7673503637958987,2025-12-03T12:27:49.68,psquare
2.9114971250403605,2.5,1.5368305444717407,3.4727970998284983,p232_357.wav,2.648190701736432,2025-12-03T12:27:52.561,psquare
3.9608470779505973,17.5,2.970198631286621,3.6089272239946464,p232_358.wav,3.242445597499344,2025-12-03T12:27:53.965,bus
3.783224263633455,12.5,3.231222152709961,3.5145992398971613,p232_359.wav,3.069050410438782,2025-12-03T12:27:54.868,bus
2.946493962967725,7.5,1.8738244771957397,3.402085637843043,p232_360.wav,2.588676931767541,2025-12-03T12:27:55.226,bus
3.8707571208575753,2.5,2.732766628265381,3.632045376180882,p232_361.wav,3.1935633794637446,2025-12-03T12:27:57.437,bus
3.576088768715733,17.5,1.996535062789917,3.669818079626215,p232_362.wav,3.1287959412962625,2025-12-03T12:27:58.405,cafe
3.1398723630786534,12.5,1.8790757656097412,3.7262313957109026,p232_363.wav,2.9504921543671303,2025-12-03T12:27:59.81,cafe
2.691271250284735,7.5,1.5633034706115723,3.4665309644406834,p232_364.wav,2.4683446445101658,2025-12-03T12:28:00.217,cafe
2.365984849365993,2.5,1.4503393173217773,3.2432868855998875,p232_365.wav,2.1996234184153414,2025-12-03T12:28:03.366,cafe
3.3190655979320396,17.5,2.2619574069976807,3.4695875418101565,p232_366.wav,2.7855645033234495,2025-12-03T12:28:05.638,living
3.1030704379644303,12.5,1.8266700506210327,3.517730352022452,p232_367.wav,2.6797386467460065,2025-12-03T12:28:08.074,living
2.76221011042843,7.5,1.9565677642822266,3.4353336816002495,p232_368.wav,2.5326764589218915,2025-12-03T12:28:11.016,living
2.417909956158729,2.5,1.3047457933425903,3.1731940302536294,p232_369.wav,2.2341785504832368,2025-12-03T12:28:12.889,living
3.864486381229638,17.5,2.9920339584350586,3.1604209234001934,p232_370.wav,2.8194487656605047,2025-12-03T12:28:14.452,office
3.5628255625445306,12.5,2.7746260166168213,3.3228216434266478,p232_371.wav,2.854609545297534,2025-12-03T12:28:16.563,office
3.302745511634423,7.5,2.1428587436676025,3.4549970834649963,p232_372.wav,2.8018314757920155,2025-12-03T12:28:18.234,office
3.1613023953822745,2.5,2.5593059062957764,3.612803588149915,p232_373.wav,2.835525827019774,2025-12-03T12:28:20.374,office
3.3051262859574795,17.5,2.2816293239593506,3.6961913098244317,p232_374.wav,2.980854091273592,2025-12-03T12:28:21.595,psquare
3.153771029828905,12.5,2.1549384593963623,3.6445567338192157,p232_375.wav,2.8797696171712923,2025-12-03T12:28:22.141,psquare
3.0081143085765776,7.5,1.900322437286377,3.452190336523408,p232_377.wav,2.614184856644582,2025-12-03T12:28:23.339,psquare
2.425960490384438,2.5,1.3633328676223755,3.268145534920575,p232_378.wav,2.2842843801121893,2025-12-03T12:28:26.191,psquare
3.384962588767944,17.5,3.058049201965332,3.596049006860648,p232_379.wav,2.906917551585156,2025-12-03T12:28:26.845,bus
3.5157893284427635,12.5,2.2449545860290527,3.7191343136588495,p232_380.wav,3.1352454819354993,2025-12-03T12:28:28.028,bus
3.3189833000982927,7.5,2.23616886138916,3.6111369650771405,p232_381.wav,2.8922106745245677,2025-12-03T12:28:32.189,bus
3.6966118702233963,2.5,2.966538906097412,3.5091627165373698,p232_382.wav,3.0139241113512942,2025-12-03T12:28:36.456,bus
3.2872337423395352,17.5,1.7818632125854492,3.7046380649920203,p232_383.wav,2.9736772017556223,2025-12-03T12:28:39.149,cafe
2.7114219365230086,12.5,1.852293848991394,3.446824767161149,p232_384.wav,2.4794372278031416,2025-12-03T12:28:42.044,cafe
2.820901085831954,7.5,1.6669948101043701,3.5550615659314126,p232_385.wav,2.6119801323076075,2025-12-03T12:28:43.649,cafe
1.1471697062497384,2.5,1.2061491012573242,1.2978681346389045,p232_386.wav,1.139877031416372,2025-12-03T12:28:47.828,cafe
3.4544011226274596,17.5,2.5382938385009766,3.6574868843764556,p232_387.wav,3.0324958946343004,2025-12-03T12:28:49.064,living
1.2080165313666777,12.5,1.464128017425537,1.3926417578181551,p232_388.wav,1.1699238941772812,2025-12-03T12:28:49.434,living
3.186131938598917,7.5,1.2539896965026855,3.51569946420643,p232_389.wav,2.7678477050968815,2025-12-03T12:28:52.407,living
1.6073276586842542,2.5,1.3132102489471436,2.01836948297097,p232_390.wav,1.561109012072865,2025-12-03T12:28:54.749,living
3.841700100064682,17.5,3.4890296459198,3.2464862856975594,p232_391.wav,2.8866375528231893,2025-12-03T12:28:56.618,office
3.8139855624921295,12.5,3.443803071975708,3.6114786961376333,p232_392.wav,3.1686213444801825,2025-12-03T12:28:57.919,office
3.9866582450852492,7.5,2.8263192176818848,3.4461800686575503,p232_393.wav,3.1184564971365303,2025-12-03T12:28:59.81,office
3.4770971779870634,2.5,2.2847728729248047,3.6370660317669903,p232_394.wav,3.031207152055469,2025-12-03T12:29:00.878,office
3.5456346240538488,17.5,2.145519256591797,3.596008632028524,p232_396.wav,3.056382087558158,2025-12-03T12:29:03.667,psquare
3.4102163443730493,12.5,2.456690549850464,3.625038397950263,p232_397.wav,2.999706124744039,2025-12-03T12:29:05.435,psquare
3.012570910212423,7.5,1.7124183177947998,3.597908986267808,p232_398.wav,2.7802741094951333,2025-12-03T12:29:06.542,psquare
2.802164049874828,2.5,1.3429393768310547,3.4523407193210103,p232_399.wav,2.5661580923324867,2025-12-03T12:29:09.514,psquare
3.878785112357484,17.5,3.1991000175476074,3.184012836563889,p232_400.wav,2.8575973374864585,2025-12-03T12:29:10.554,psquare
3.017552911489763,7.5,1.8331849575042725,3.4741014215844475,p232_402.wav,2.664702218458337,2025-12-03T12:29:13.533,living
3.625959148221429,12.5,1.3446331024169922,3.674428394092621,p232_403.wav,3.1484226239967406,2025-12-03T12:29:17.351,living
3.5425697591403877,17.5,2.2827742099761963,3.4030301814068658,p232_404.wav,2.851866116036882,2025-12-03T12:29:17.724,cafe
3.4663880143450174,7.5,1.8910688161849976,3.581434298670329,p232_405.wav,2.9819427338018913,2025-12-03T12:29:18.094,psquare
1.3265533986410531,2.5,1.2438822984695435,1.4236870091726286,p232_407.wav,1.1646020914928572,2025-12-03T12:29:18.817,living
2.432413435528266,2.5,1.282119631767273,3.53010232697863,p232_409.wav,2.4258259468202916,2025-12-03T12:29:22.183,psquare
3.0043176771680495,7.5,2.0430657863616943,3.465507741054689,p232_410.wav,2.681830017872993,2025-12-03T12:29:24.161,office
3.8621285567425923,17.5,2.843719959259033,3.2744565959368295,p232_411.wav,2.9127824392641744,2025-12-03T12:29:27.226,office
